id,number,title,user,created_at,closed_at,merged_at,comments,review_comments,changed_files,additions,deletions,state,merged,body_length,end_date,review_time_h
2879393382,62451,fix(curriculum): replace 'Ex.' with 'e.g.' in Cat Photo App step 42,SachinSingh008,2025-10-01 19:25:58+00:00,2025-10-01 20:37:32+00:00,2025-10-01 20:37:32+00:00,1,0,1,2,2,closed,True,1333,2025-10-01 20:37:32+00:00,1.1927777777777777
2878223422,62444,fix(api): adjust daily-challenge time from UTC,ojeytonwilliams,2025-10-01 13:19:28+00:00,2025-10-01 19:17:27+00:00,2025-10-01 19:17:27+00:00,0,3,2,43,25,closed,True,833,2025-10-01 19:17:27+00:00,5.966388888888889
2878052583,62443,"chore(i18n,client): processed translations",camperbot,2025-10-01 12:26:36+00:00,2025-10-01 14:59:27+00:00,2025-10-01 14:59:27+00:00,0,0,20,1490,1360,closed,True,45,2025-10-01 14:59:27+00:00,2.5475
2877932900,62442,fix(api): daily coding challenge test,huyenltnguyen,2025-10-01 11:46:35+00:00,2025-10-01 13:42:27+00:00,,0,1,1,9,5,closed,False,1174,2025-10-01 13:42:27+00:00,1.931111111111111
2877116498,62438,docs: replace hyphen with em dash in README for clarity,Barkaaat,2025-10-01 07:02:11+00:00,2025-10-01 08:22:50+00:00,,2,0,1,1,1,closed,False,856,2025-10-01 08:22:50+00:00,1.3441666666666667
2876897727,62436,docs: replace hyphen with em dash in README for clarity,Barkaaat,2025-10-01 05:16:20+00:00,2025-10-01 06:42:34+00:00,,3,0,1,1,1,closed,False,857,2025-10-01 06:42:34+00:00,1.4372222222222222
2876484231,62433,feat(Curriculum): Add Block Structure in Spanish Greetings and Introductions Modules 2 and 3 ,nieldakarla,2025-10-01 01:04:56+00:00,2025-10-01 10:32:42+00:00,2025-10-01 10:32:42+00:00,0,0,39,1350,4,closed,True,851,2025-10-01 10:32:42+00:00,9.462777777777777
2876097657,62432,fix(curriculum): update digit length in Phone Number Formatter (2025-09-30) instructions,JeevaRamanathan,2025-09-30 21:49:27+00:00,2025-10-01 08:41:00+00:00,2025-10-01 08:41:00+00:00,1,0,2,2,2,closed,True,889,2025-10-01 08:41:00+00:00,10.859166666666667
2875042866,62424,feat(Curriculum):add Certification Introduction- 4 articles,RafaelDavisH,2025-09-30 15:20:44+00:00,2025-09-30 20:04:50+00:00,2025-09-30 20:04:50+00:00,0,0,6,204,59,closed,True,807,2025-09-30 20:04:50+00:00,4.735
2874985806,62423,feat(curriculum): add why learn Spanish article,RafaelDavisH,2025-09-30 15:03:01+00:00,2025-09-30 17:53:53+00:00,,0,0,2,20,58,closed,False,734,2025-09-30 17:53:53+00:00,2.847777777777778
2873355155,62417,"fix(curriculum): typos, missing words, phrases, and punctuation",Supravisor,2025-09-30 08:06:17+00:00,2025-10-01 22:33:49+00:00,2025-10-01 22:33:49+00:00,1,7,7,9,9,closed,True,761,2025-10-01 22:33:49+00:00,38.458888888888886
2873235923,62416,fix(curriculum): typo and missing word,Supravisor,2025-09-30 07:22:52+00:00,2025-09-30 12:15:56+00:00,2025-09-30 12:15:56+00:00,0,0,2,3,3,closed,True,820,2025-09-30 12:15:56+00:00,4.884444444444444
2871581295,62414,fix(curriculum): change 'lecture' to 'theory' and 'lesson',moT01,2025-09-29 18:14:52+00:00,2025-09-30 17:59:13+00:00,2025-09-30 17:59:13+00:00,3,0,469,1318,1318,closed,True,1304,2025-09-30 17:59:13+00:00,23.739166666666666
2871279929,62412,chore(curriculum): removing welcome block from FSD cert,jdwilkin4,2025-09-29 16:23:25+00:00,2025-09-29 17:35:00+00:00,2025-09-29 17:35:00+00:00,1,0,8,0,597,closed,True,933,2025-09-29 17:35:00+00:00,1.1930555555555555
2870433716,62410,"chore(i18n,client): processed translations",camperbot,2025-09-29 12:27:09+00:00,2025-09-29 14:10:10+00:00,2025-09-29 14:10:10+00:00,0,0,20,500,40,closed,True,45,2025-09-29 14:10:10+00:00,1.7169444444444444
2869660504,62407,feat(curriculum): add smallest common multiple lab,larymak,2025-09-29 09:01:05+00:00,2025-09-29 12:26:15+00:00,2025-09-29 12:26:14+00:00,0,0,5,126,4,closed,True,817,2025-09-29 12:26:14+00:00,3.4191666666666665
2869463815,62405,fix(curriculum): typo in top introduction to flexbox challenge type 15,clarencepenz,2025-09-29 07:57:31+00:00,2025-09-29 11:09:40+00:00,2025-09-29 11:09:40+00:00,0,0,1,1,1,closed,True,761,2025-09-29 11:09:40+00:00,3.2025
2869352874,62404,fix(api): 400 for exam-challenge route with no params,ShaunSHamilton,2025-09-29 07:17:01+00:00,2025-09-29 13:26:29+00:00,2025-09-29 13:26:29+00:00,0,0,2,20,0,closed,True,762,2025-09-29 13:26:29+00:00,6.157777777777778
2868207392,62403,Update README.md,erdem4663,2025-09-28 17:41:58+00:00,2025-09-28 18:57:09+00:00,,4,0,1,3,0,closed,False,806,2025-09-28 18:57:09+00:00,1.2530555555555556
2866782524,62401,[Fix]: Correct placeholder for example,suhasss1908,2025-09-27 19:38:00+00:00,2025-10-01 17:25:27+00:00,,3,0,5,93,72,closed,False,1305,2025-10-01 17:25:27+00:00,93.79083333333334
2866623894,62397,feat(client): bluesky profile link,swdev33,2025-09-27 15:22:00+00:00,2025-09-28 06:51:51+00:00,,3,0,7,88,4,closed,False,1191,2025-09-28 06:51:51+00:00,15.4975
2866622891,62396,feat(api): bluesky profile link,swdev33,2025-09-27 15:20:11+00:00,2025-09-28 06:51:44+00:00,,1,0,13,68,7,closed,False,1191,2025-09-28 06:51:44+00:00,15.525833333333333
2866527954,62395,fix(tools): improve devcontainer experience,raisedadead,2025-09-27 13:26:18+00:00,2025-09-28 05:18:11+00:00,2025-09-28 05:18:11+00:00,0,0,1,19,2,closed,True,300,2025-09-28 05:18:11+00:00,15.864722222222222
2866249219,62394,feat(client): Implement Auto-Save on Editor Inactivity,Paddu08,2025-09-27 08:32:04+00:00,2025-10-01 22:44:24+00:00,,8,0,2,66,0,closed,False,827,2025-10-01 22:44:24+00:00,110.20555555555555
2866110070,62390,fix(curriculum): typo in workshop emoji reactor Step 14,clarencepenz,2025-09-27 05:48:49+00:00,2025-09-27 14:25:31+00:00,2025-09-27 14:25:31+00:00,0,0,1,1,1,closed,True,747,2025-09-27 14:25:31+00:00,8.611666666666666
2865842635,62389,fix(curriculum): 2 typos in the dom click events and web api lecture,swdev33,2025-09-27 01:04:11+00:00,2025-09-27 04:58:48+00:00,2025-09-27 04:58:48+00:00,1,0,2,2,2,closed,True,407,2025-09-27 04:58:48+00:00,3.910277777777778
2865420983,62385,test(challenge-parser): improve validate-sections test,huyenltnguyen,2025-09-26 20:22:17+00:00,2025-09-27 13:22:22+00:00,2025-09-27 13:22:22+00:00,0,0,2,15,102,closed,True,917,2025-09-27 13:22:22+00:00,17.00138888888889
2865041283,62383,fix(curriculum): typo in lecture introduction to git and github,clarencepenz,2025-09-26 17:54:50+00:00,2025-09-26 19:46:59+00:00,2025-09-26 19:46:59+00:00,0,0,1,1,1,closed,True,747,2025-09-26 19:46:59+00:00,1.8691666666666666
2864831944,62382,fix(curriculum): correct arguments for `isNotEmpty`,Thunderer44,2025-09-26 16:48:10+00:00,2025-09-26 19:10:02+00:00,2025-09-26 19:10:02+00:00,3,0,2,2,2,closed,True,968,2025-09-26 19:10:02+00:00,2.3644444444444446
2863389209,62377,fix(curriculum): move editable region markers to wrap Navbar component,ismaeeelxd,2025-09-26 09:50:41+00:00,2025-09-26 10:55:18+00:00,2025-09-26 10:55:18+00:00,0,1,1,3,3,closed,True,920,2025-09-26 10:55:18+00:00,1.0769444444444445
2862176260,62369,fix(curriculum): correct casing of JavaScript,pdtrang,2025-09-25 23:43:24+00:00,2025-09-26 04:19:42+00:00,2025-09-26 04:19:42+00:00,1,0,2,2,2,closed,True,546,2025-09-26 04:19:42+00:00,4.605
2861412385,62367,feat(curriculum): daily challenges 63-79,moT01,2025-09-25 17:13:56+00:00,2025-09-30 03:24:18+00:00,2025-09-30 03:24:18+00:00,0,17,39,3027,7,closed,True,747,2025-09-30 03:24:18+00:00,106.17277777777778
2860455528,62363,fix(a11y): add lang attribute to highlighted words and sentences,huyenltnguyen,2025-09-25 12:25:54+00:00,2025-09-26 16:24:35+00:00,,1,0,6,83,6,closed,False,747,2025-09-26 16:24:35+00:00,27.978055555555557
2860094036,62359,fix(curriculum): update organises to organizes,Giftea,2025-09-25 10:21:56+00:00,2025-09-25 12:40:29+00:00,2025-09-25 12:40:29+00:00,0,0,1,1,1,closed,True,747,2025-09-25 12:40:29+00:00,2.3091666666666666
2859864363,62357,fix(curriculum): add description for HTML snippet in Football Team Cards,ppl-call-me-tima,2025-09-25 09:12:40+00:00,2025-09-25 10:18:38+00:00,2025-09-25 10:18:38+00:00,1,0,1,2,0,closed,True,641,2025-09-25 10:18:38+00:00,1.0994444444444444
2859759271,62356,fix(curriculum): rephrase the fillArrContainer description,Ahm3rIjaz,2025-09-25 08:43:04+00:00,2025-09-25 09:55:57+00:00,2025-09-25 09:55:57+00:00,0,0,1,2,2,closed,True,747,2025-09-25 09:55:57+00:00,1.2147222222222223
2859746457,62355,feat(curriculum): add graphs and trees review page,larymak,2025-09-25 08:39:35+00:00,2025-09-30 13:24:32+00:00,2025-09-30 13:24:32+00:00,0,11,1,123,4,closed,True,803,2025-09-30 13:24:32+00:00,124.74916666666667
2856776346,62345,"chore(i18n,client): processed translations",camperbot,2025-09-24 12:26:36+00:00,2025-09-25 06:02:28+00:00,2025-09-25 06:02:28+00:00,0,0,10,662,10,closed,True,45,2025-09-25 06:02:28+00:00,17.59777777777778
2856074404,62339,Add Linux Foundation Health Score badge to README,jonathimer,2025-09-24 08:58:16+00:00,2025-09-24 11:51:03+00:00,2025-09-24 11:51:03+00:00,1,0,1,1,0,closed,True,215,2025-09-24 11:51:03+00:00,2.879722222222222
2853744739,62332,fix(curriculum): correct spelling from behaviours to behavior,Giftea,2025-09-23 15:24:29+00:00,2025-09-23 16:28:09+00:00,2025-09-23 16:28:09+00:00,0,0,1,1,1,closed,True,747,2025-09-23 16:28:09+00:00,1.0611111111111111
2853731069,62331,refactor: clearer errors for curriculum tests,ojeytonwilliams,2025-09-23 15:20:12+00:00,2025-09-23 18:10:29+00:00,2025-09-23 18:10:29+00:00,1,0,1,7,7,closed,True,850,2025-09-23 18:10:29+00:00,2.8380555555555556
2853553356,62330,refactor: remove jest and lint vitest,ojeytonwilliams,2025-09-23 14:26:14+00:00,2025-09-24 07:27:03+00:00,2025-09-24 07:27:03+00:00,1,0,25,253,1813,closed,True,1198,2025-09-24 07:27:03+00:00,17.01361111111111
2853218453,62326,fix(curriculum): Correct super block name of Build a Weather App #623623,azad12614,2025-09-23 12:41:59+00:00,2025-09-23 15:35:59+00:00,,3,0,1,1,1,closed,False,530,2025-09-23 15:35:59+00:00,2.9
2853194005,62325,fix(curriculum): correct superBlock name in Build a Weather App lab,Swapnanilb,2025-09-23 12:33:41+00:00,2025-09-23 15:35:27+00:00,2025-09-23 15:35:27+00:00,4,0,1,1,1,closed,True,525,2025-09-23 15:35:27+00:00,3.0294444444444446
2853058948,62324,fix(curriculum): fix typo from MediaeError to MediaError,Giftea,2025-09-23 11:51:18+00:00,2025-09-23 12:52:02+00:00,2025-09-23 12:52:02+00:00,0,0,1,1,1,closed,True,747,2025-09-23 12:52:02+00:00,1.0122222222222221
2853036695,62322,feat(curriculum): add dfs python lab,Dario-DC,2025-09-23 11:42:31+00:00,2025-09-26 20:02:03+00:00,2025-09-26 20:02:03+00:00,0,2,5,143,1,closed,True,803,2025-09-26 20:02:03+00:00,80.32555555555555
2851520438,62319,fix(curriculum): typo in workshop media catalogue,clarencepenz,2025-09-23 00:16:10+00:00,2025-09-23 07:05:57+00:00,2025-09-23 07:05:57+00:00,2,0,1,1,1,closed,True,747,2025-09-23 07:05:57+00:00,6.829722222222222
2851115982,62318,fix(curriculum): correct Step 7 assignment in note-taking app ,hritikmittal09,2025-09-22 20:56:34+00:00,2025-09-22 22:14:59+00:00,,0,0,1,3,1,closed,False,852,2025-09-22 22:14:59+00:00,1.3069444444444445
2851081108,62317,fix(curriculum): rephrased instructions for assigning the variable currentContent,l3onhard,2025-09-22 20:41:40+00:00,2025-09-23 05:00:32+00:00,2025-09-23 05:00:32+00:00,2,0,1,7,7,closed,True,879,2025-09-23 05:00:32+00:00,8.314444444444444
2850753963,62316,fix(curriculum): correct Step 7 assignment in note-taking app,hritikmittal09,2025-09-22 19:10:46+00:00,2025-09-22 20:44:27+00:00,,0,0,1,3,2,closed,False,856,2025-09-22 20:44:27+00:00,1.561388888888889
2850120359,62313,fix(curriculum): Maintain getMode function consistency in steps 39 - 59,Giftea,2025-09-22 15:58:46+00:00,2025-09-25 13:56:57+00:00,2025-09-25 13:56:57+00:00,2,0,21,44,66,closed,True,747,2025-09-25 13:56:57+00:00,69.96972222222222
2850040263,62312,fix(curriculum): update references to 'coach' to 'headCoach' in user story description,prateekbisht23,2025-09-22 15:34:50+00:00,2025-09-22 17:50:22+00:00,2025-09-22 17:50:22+00:00,0,0,1,2,2,closed,True,1245,2025-09-22 17:50:22+00:00,2.258888888888889
2849979606,62311,fix(curriculum): Make Build an Optional Arguments Sum Function visible,Giftea,2025-09-22 15:19:35+00:00,2025-09-22 17:12:06+00:00,2025-09-22 17:12:06+00:00,0,0,1,1,1,closed,True,747,2025-09-22 17:12:06+00:00,1.8752777777777778
2849899555,62310,chore(curriculum): update rps-game instructions and hasPlayerWonTheRound parameter,Giftea,2025-09-22 14:58:10+00:00,2025-09-25 13:58:34+00:00,2025-09-25 13:58:34+00:00,3,0,11,47,47,closed,True,747,2025-09-25 13:58:34+00:00,71.00666666666666
2849282694,62306,"chore(i18n,client): processed translations",camperbot,2025-09-22 12:26:25+00:00,2025-09-23 09:52:17+00:00,2025-09-23 09:52:17+00:00,3,0,10,180,40,closed,True,45,2025-09-23 09:52:17+00:00,21.43111111111111
2848933360,62305,fix(curriculum): change 'display' to 'return' in lab-voting-system challenge,shokuyansh,2025-09-22 10:53:45+00:00,2025-09-22 14:42:35+00:00,2025-09-22 14:42:35+00:00,3,0,1,1,1,closed,True,959,2025-09-22 14:42:35+00:00,3.813888888888889
2847820823,62302,fix(curriculum): typo fix in JavaScript Fundamentals,VivekKavala,2025-09-22 03:57:15+00:00,2025-09-22 11:08:33+00:00,2025-09-22 11:08:33+00:00,5,0,1,1,1,closed,True,644,2025-09-22 11:08:33+00:00,7.1883333333333335
2847514432,62301,fix(curriculum): typo in daily coding challenges py & js,clarencepenz,2025-09-21 23:38:57+00:00,2025-09-22 09:34:57+00:00,2025-09-22 09:34:57+00:00,0,0,2,4,4,closed,True,747,2025-09-22 09:34:57+00:00,9.933333333333334
2847514130,62300,fix(curriculum): typos and missing words in Places and Events,Supravisor,2025-09-21 23:38:19+00:00,2025-09-23 10:48:37+00:00,2025-09-23 10:48:37+00:00,0,0,6,6,6,closed,True,747,2025-09-23 10:48:37+00:00,35.17166666666667
2847452925,62299,fix: grammar typo in Review JS Fundamentals (add missing 'to'),vanshsehgal08,2025-09-21 21:41:51+00:00,2025-09-22 10:11:13+00:00,,2,0,1,1,1,closed,False,747,2025-09-22 10:11:13+00:00,12.489444444444445
2847450775,62298,fix: clarify Step 7 instructions for Note-Taking App,vanshsehgal08,2025-09-21 21:37:35+00:00,2025-09-23 09:59:28+00:00,,3,0,1,4,2,closed,False,747,2025-09-23 09:59:28+00:00,36.36472222222222
2847399361,62297,fix(curriculum): Clarifiy the explanation of Python’s `//` (floor division) operator.,tawfiqkhalilieh,2025-09-21 20:08:13+00:00,2025-09-22 10:22:11+00:00,2025-09-22 10:22:11+00:00,1,2,1,2,2,closed,True,923,2025-09-22 10:22:11+00:00,14.232777777777779
2847392586,62296,fix(curriculum): update bad logic sept. 21 daily coding challenge,a2937,2025-09-21 19:57:04+00:00,2025-09-22 13:31:21+00:00,,1,0,2,6,6,closed,False,851,2025-09-22 13:31:21+00:00,17.57138888888889
2847372327,62295,fix(curriculum): typo in workshop description,Supravisor,2025-09-21 19:23:01+00:00,2025-09-21 21:06:14+00:00,2025-09-21 21:06:14+00:00,0,0,1,1,1,closed,True,747,2025-09-21 21:06:14+00:00,1.7202777777777778
2847218001,62288,fix(curriculum): Clarifiy the explanation of Python’s `//` (floor division) operator.,tawfiqkhalilieh,2025-09-21 15:11:37+00:00,2025-09-21 20:06:13+00:00,,4,0,1,2,2,closed,False,923,2025-09-21 20:06:13+00:00,4.91
2847086757,62287,improve Header component type safety and code structure,baleashvar,2025-09-21 11:26:27+00:00,2025-09-21 13:00:36+00:00,,1,0,1,4,0,closed,False,1256,2025-09-21 13:00:36+00:00,1.5691666666666666
2846656539,62283,fix(curriculum):  typo in workshop media catalogue,clarencepenz,2025-09-20 23:36:54+00:00,2025-09-21 15:10:27+00:00,2025-09-21 15:10:27+00:00,0,0,2,2,2,closed,True,747,2025-09-21 15:10:27+00:00,15.559166666666666
2846228388,62282,fix(curriculum): format code blocks in quiz answers,JatinMehta007,2025-09-20 12:12:01+00:00,2025-09-20 17:53:34+00:00,2025-09-20 17:53:34+00:00,1,13,1,0,8,closed,True,849,2025-09-20 17:53:34+00:00,5.6925
2845266628,62281,Create new commit,utkarsheng8318-sudo,2025-09-19 21:42:04+00:00,2025-09-20 00:13:02+00:00,,1,0,1,1,0,closed,False,747,2025-09-20 00:13:02+00:00,2.516111111111111
2844026794,62275,refactor: remove invariant,ojeytonwilliams,2025-09-19 14:20:10+00:00,2025-09-19 17:36:20+00:00,2025-09-19 17:36:20+00:00,2,0,6,8,45,closed,True,906,2025-09-19 17:36:20+00:00,3.2694444444444444
2843967858,62274,test: handle meta validation errors,ojeytonwilliams,2025-09-19 14:02:47+00:00,2025-09-19 17:39:13+00:00,2025-09-19 17:39:13+00:00,0,0,1,7,3,closed,True,834,2025-09-19 17:39:13+00:00,3.607222222222222
2843786354,62273,fix(curriculum): typo in daily coding challenges py,clarencepenz,2025-09-19 13:05:39+00:00,2025-09-19 16:13:47+00:00,2025-09-19 16:13:47+00:00,0,0,2,2,2,closed,True,747,2025-09-19 16:13:47+00:00,3.1355555555555554
2843780439,62272,feat(curriculum): add dynamic programming lecture,zairahira,2025-09-19 13:03:44+00:00,2025-09-22 07:03:32+00:00,2025-09-22 07:03:32+00:00,0,5,4,351,49,closed,True,803,2025-09-22 07:03:32+00:00,65.99666666666667
2843325904,62271,feat(curriculum): add odd Fibonacci sum calc challenge lab,larymak,2025-09-19 10:18:02+00:00,2025-09-25 07:48:53+00:00,2025-09-25 07:48:53+00:00,0,0,5,124,21,closed,True,803,2025-09-25 07:48:53+00:00,141.51416666666665
2842760852,62270,chore(tests): migrate shared folder to Vitests,Sembauke,2025-09-19 07:01:26+00:00,2025-09-22 12:50:41+00:00,2025-09-22 12:50:41+00:00,0,4,11,26,4,closed,True,843,2025-09-22 12:50:41+00:00,77.82083333333334
2841873973,62269,feat(curriculum): add dynamic programming review page content,jdwilkin4,2025-09-18 23:02:09+00:00,2025-09-23 11:28:43+00:00,2025-09-23 11:28:43+00:00,0,1,1,60,5,closed,True,803,2025-09-23 11:28:43+00:00,108.44277777777778
2841856200,62268,fix(challenge-helper-scripts): make `create-language-block` support chapter-based structure,huyenltnguyen,2025-09-18 22:47:01+00:00,2025-09-19 20:36:49+00:00,2025-09-19 20:36:49+00:00,0,0,1,207,13,closed,True,1376,2025-09-19 20:36:49+00:00,21.83
2841839904,62267,refactor(challenge-helper-scripts): remove superBlock field from base meta,huyenltnguyen,2025-09-18 22:33:51+00:00,2025-09-19 08:00:36+00:00,2025-09-19 08:00:36+00:00,0,0,1,0,2,closed,True,962,2025-09-19 08:00:36+00:00,9.445833333333333
2841422614,62265,chore(tools): migrate scripts/lint test to vitest,huyenltnguyen,2025-09-18 19:17:42+00:00,2025-09-19 07:46:06+00:00,2025-09-19 07:46:06+00:00,0,4,6,61,37,closed,True,850,2025-09-19 07:46:06+00:00,12.473333333333333
2841371822,62264,feat(curriculum): adding graphs and trees quiz questions,jdwilkin4,2025-09-18 19:01:28+00:00,2025-09-22 09:58:14+00:00,2025-09-22 09:58:14+00:00,0,4,1,100,100,closed,True,803,2025-09-22 09:58:14+00:00,86.94611111111111
2841125823,62263,fix: skip upcoming superblocks in normal builds,ojeytonwilliams,2025-09-18 17:32:44+00:00,2025-09-19 17:40:06+00:00,2025-09-19 17:40:06+00:00,0,0,3,46,71,closed,True,953,2025-09-19 17:40:06+00:00,24.122777777777777
2841076800,62262,fix: allow spaces around element content in workshop hotel feedback form,ilenia-magoni,2025-09-18 17:17:26+00:00,2025-09-19 12:44:20+00:00,2025-09-19 12:44:20+00:00,0,0,10,19,21,closed,True,788,2025-09-19 12:44:20+00:00,19.448333333333334
2840983011,62261,fix: allow spaces around text content of elements in workshop blog page,ilenia-magoni,2025-09-18 16:44:10+00:00,2025-09-19 12:45:29+00:00,2025-09-19 12:45:29+00:00,0,0,5,7,7,closed,True,788,2025-09-19 12:45:29+00:00,20.021944444444443
2840976525,62260,fix: ensure daily challenge tests run,ojeytonwilliams,2025-09-18 16:41:36+00:00,2025-09-19 08:48:30+00:00,2025-09-19 08:48:30+00:00,0,0,1,50,37,closed,True,841,2025-09-19 08:48:30+00:00,16.115
2840943089,62259,fix(curriculum): allow spaces in travel agency page,ilenia-magoni,2025-09-18 16:30:52+00:00,2025-09-19 12:46:00+00:00,2025-09-19 12:46:00+00:00,0,0,1,4,4,closed,True,788,2025-09-19 12:46:00+00:00,20.252222222222223
2840887535,62258,fix(curriculum): allow spaces in book catalog table lab inside elements,ilenia-magoni,2025-09-18 16:13:17+00:00,2025-09-19 12:47:09+00:00,2025-09-19 12:47:09+00:00,0,0,1,5,5,closed,True,1113,2025-09-19 12:47:09+00:00,20.564444444444444
2839755180,62255,refactor: semantic update to complaint form,ilenia-magoni,2025-09-18 10:56:53+00:00,2025-09-22 15:11:42+00:00,2025-09-22 15:11:42+00:00,0,4,1,9,9,closed,True,1059,2025-09-22 15:11:42+00:00,100.24694444444444
2839519766,62252,fix(curriculum): add generate-btn click to sort-btn test,happypepii,2025-09-18 09:46:30+00:00,2025-09-19 10:09:33+00:00,2025-09-19 10:09:33+00:00,3,2,1,2,0,closed,True,1318,2025-09-19 10:09:33+00:00,24.384166666666665
2838451328,62251,sorting after generating the array,vipransh007,2025-09-18 02:03:59+00:00,2025-09-18 09:06:32+00:00,,3,0,1,84,0,closed,False,930,2025-09-18 09:06:32+00:00,7.0425
2838112690,62250,fix(i18n): standardize 'Back End' naming in chapter titles,PoshanP,2025-09-17 22:23:26+00:00,2025-09-18 09:01:19+00:00,,5,0,9,9,9,closed,False,1179,2025-09-18 09:01:19+00:00,10.631388888888889
2838110508,62249,fix: horizontal bar footer appearance on smaller devices,PoshanP,2025-09-17 22:22:21+00:00,2025-09-18 08:59:20+00:00,,1,0,1,19,0,closed,False,1591,2025-09-18 08:59:20+00:00,10.616388888888888
2837413625,62248,fix(curriculum): add more tests for the golf translator lab,StuartMosquera,2025-09-17 17:29:40+00:00,2025-09-22 15:14:28+00:00,2025-09-22 15:14:28+00:00,1,10,1,66,8,closed,True,747,2025-09-22 15:14:28+00:00,117.74666666666667
2836944717,62245,fix(curriculum): added new tests for golf-translator,janni1288,2025-09-17 14:50:39+00:00,2025-09-18 07:31:33+00:00,,4,0,2,38,2,closed,False,405,2025-09-18 07:31:33+00:00,16.68166666666667
2836882401,62244,"chore(i18n,learn): update i18n-curriculum submodule",camperbot,2025-09-17 14:33:26+00:00,2025-09-30 03:36:59+00:00,,4,0,1,1,1,closed,False,47,2025-09-30 03:36:59+00:00,301.05916666666667
2836434208,62242,"chore(i18n,client): processed translations",camperbot,2025-09-17 12:27:08+00:00,2025-09-17 15:21:32+00:00,2025-09-17 15:21:32+00:00,0,0,10,460,60,closed,True,45,2025-09-17 15:21:32+00:00,2.9066666666666667
2835685086,62241,fix(curriculum): correct legend placement in complaint form,pranshu-saraswat,2025-09-17 08:28:39+00:00,2025-09-18 18:37:20+00:00,,11,2,1,50,52,closed,False,407,2025-09-18 18:37:20+00:00,34.14472222222222
2835256869,62238,Fix semantic HTML and validation logic in Customer Complaint Form Lab (#62222),GouravBerwal,2025-09-17 05:40:15+00:00,2025-09-18 18:36:53+00:00,,2,0,1,8,6,closed,False,1109,2025-09-18 18:36:53+00:00,36.943888888888885
2835001124,62237,fix(curriculum): correct legend placement in complaint form,pranshu-saraswat,2025-09-17 03:18:10+00:00,2025-09-17 08:11:17+00:00,,0,0,1,4,776,closed,False,417,2025-09-17 08:11:17+00:00,4.885277777777778
2834434576,62235,fix(curriculum): typo in daily challenge,moT01,2025-09-16 21:34:54+00:00,2025-09-20 00:15:20+00:00,2025-09-20 00:15:20+00:00,0,0,2,3,3,closed,True,747,2025-09-20 00:15:20+00:00,74.67388888888888
2833514830,62234,fix(curriculum): make Theme Switcher click events bubble,janni1288,2025-09-16 15:32:22+00:00,2025-09-17 19:27:26+00:00,2025-09-17 19:27:26+00:00,2,0,1,2,2,closed,True,489,2025-09-17 19:27:26+00:00,27.91777777777778
2830931694,62232,fix(curriculum): make concatenation optional,Supravisor,2025-09-15 23:41:57+00:00,2025-09-22 15:17:40+00:00,2025-09-22 15:17:40+00:00,5,3,1,3,2,closed,True,762,2025-09-22 15:17:40+00:00,159.59527777777777
2830201860,62230,chore(curriculum): Update javascript trivia bot test to accept concat method,Giftea,2025-09-15 18:16:29+00:00,2025-09-22 15:19:33+00:00,,4,9,1,2,2,closed,False,1645,2025-09-22 15:19:33+00:00,165.0511111111111
2829752928,62227,feat(curriculum): add Build a Missing Letter Detector lab,ilenia-magoni,2025-09-15 15:39:56+00:00,2025-09-23 16:05:07+00:00,2025-09-23 16:05:07+00:00,2,2,5,109,0,closed,True,789,2025-09-23 16:05:07+00:00,192.41972222222222
2829531999,62226,feat(curriculum): add implement a Unique Sorted Union lab,ilenia-magoni,2025-09-15 14:35:10+00:00,2025-09-29 09:47:44+00:00,2025-09-29 09:47:44+00:00,2,1,5,115,0,closed,True,803,2025-09-29 09:47:44+00:00,331.20944444444444
2829335838,62225,feat(curriculum): daily challenges 55-62 - Oct 4-11,moT01,2025-09-15 13:42:50+00:00,2025-09-16 06:28:10+00:00,2025-09-16 06:28:10+00:00,1,2,19,1553,1,closed,True,766,2025-09-16 06:28:10+00:00,16.755555555555556
2829108903,62223,fix(curriculum): add note about infinite loop protection in Pyramid Generator step 33,ManosDaskalelis,2025-09-15 12:36:12+00:00,2025-09-16 20:48:15+00:00,,2,0,1,1,0,closed,False,744,2025-09-16 20:48:15+00:00,32.200833333333335
2829075129,62221,"chore(i18n,client): processed translations",camperbot,2025-09-15 12:26:25+00:00,2025-09-15 14:01:01+00:00,2025-09-15 14:01:01+00:00,0,0,20,648,278,closed,True,45,2025-09-15 14:01:01+00:00,1.5766666666666667
2827653171,62217,fix(curriculum): Casing typo in JavaScript quiz,Supravisor,2025-09-15 03:33:37+00:00,2025-09-16 10:30:00+00:00,2025-09-16 10:30:00+00:00,0,0,2,4,4,closed,True,747,2025-09-16 10:30:00+00:00,30.939722222222223
2827186764,62216,feat(curriculum): add Create a Deep Flattening Tool lab,ilenia-magoni,2025-09-14 21:37:04+00:00,2025-09-19 20:08:31+00:00,2025-09-19 20:08:31+00:00,0,3,5,135,0,closed,True,803,2025-09-19 20:08:31+00:00,118.52416666666667
2827066897,62215,Fix: Correct HTML terminology from acronym to initialism,Sagarshresti18,2025-09-14 19:29:32+00:00,2025-09-16 16:33:19+00:00,,1,0,1,8,4,closed,False,964,2025-09-16 16:33:19+00:00,45.06305555555556
2827004178,62214,fix(curriculum): typo in language feedback,Supravisor,2025-09-14 18:34:25+00:00,2025-09-15 03:51:39+00:00,2025-09-15 03:51:39+00:00,0,0,1,1,1,closed,True,747,2025-09-15 03:51:39+00:00,9.287222222222223
2826415660,62209,fix: clarify instructions and update tests for Step 27,bisht0968,2025-09-14 07:27:19+00:00,2025-09-14 17:59:34+00:00,,6,1,35,326,116,closed,False,1064,2025-09-14 17:59:34+00:00,10.5375
2826406372,62208,fix(tools): typo in error message,nithya-kala,2025-09-14 07:11:01+00:00,2025-09-20 00:13:39+00:00,2025-09-20 00:13:39+00:00,2,0,2,2,2,closed,True,747,2025-09-20 00:13:39+00:00,137.0438888888889
2826111139,62207,fix(curriculum): correct typo in symmetric difference challenge test,bisht0968,2025-09-14 00:28:14+00:00,2025-09-14 07:15:56+00:00,2025-09-14 07:15:56+00:00,0,0,1,1,1,closed,True,1234,2025-09-14 07:15:56+00:00,6.795
2825933803,62205,fix: correct ARIA role from menu-item to menuitem in Theme Switcher,bisht0968,2025-09-13 21:02:20+00:00,2025-09-14 04:14:14+00:00,,2,0,1,7,7,closed,False,1139,2025-09-14 04:14:14+00:00,7.198333333333333
2825872690,62203,fix(tools): allow more chapter based superblocks,a2937,2025-09-13 20:02:47+00:00,2025-09-26 06:04:46+00:00,2025-09-26 06:04:46+00:00,4,0,2,50,21,closed,True,861,2025-09-26 06:04:46+00:00,298.03305555555556
2825658936,62202,fix(curriculum): changed theme switcher value,clarencepenz,2025-09-13 16:49:06+00:00,2025-09-14 07:18:05+00:00,2025-09-14 07:18:05+00:00,0,0,1,7,7,closed,True,747,2025-09-14 07:18:05+00:00,14.483055555555556
2825507526,62198,feat(curriculum): add Build an All-True Property Validator lab,ilenia-magoni,2025-09-13 14:53:34+00:00,2025-09-25 14:29:14+00:00,2025-09-25 14:29:14+00:00,2,7,5,212,0,closed,True,792,2025-09-25 14:29:14+00:00,287.59444444444443
2824853961,62194,chore(curriculum): add interactive contrast example and DevTools instructions (#62164),aroradev1010,2025-09-13 08:14:46+00:00,2025-09-14 01:57:28+00:00,,1,0,1,32,0,closed,False,747,2025-09-14 01:57:28+00:00,17.711666666666666
2824808714,62193,feat: enhance donation platform infrastructure,aamoddev23-oss,2025-09-13 07:37:45+00:00,2025-09-13 11:54:40+00:00,,5,0,14,1457,21,closed,False,457,2025-09-13 11:54:40+00:00,4.281944444444444
2824086722,62191,chore(curriculum): updating git and github quiz questions,jdwilkin4,2025-09-12 21:35:55+00:00,2025-09-18 16:20:55+00:00,2025-09-18 16:20:55+00:00,0,13,1,94,94,closed,True,803,2025-09-18 16:20:55+00:00,138.75
2824049406,62190,Feat(Curriculum): Implement Chapter Based Layout to A1 Spanish,nieldakarla,2025-09-12 21:16:50+00:00,2025-09-15 19:39:48+00:00,2025-09-15 19:39:48+00:00,0,3,24,608,39,closed,True,1152,2025-09-15 19:39:48+00:00,70.38277777777778
2823960170,62189,feat(curriculum): adding git and github review page,jdwilkin4,2025-09-12 20:31:14+00:00,2025-09-23 07:46:58+00:00,2025-09-23 07:46:58+00:00,1,14,1,218,2,closed,True,803,2025-09-23 07:46:58+00:00,251.26222222222222
2823118057,62186,refactor: migrate challenge parser tests to vitest,ojeytonwilliams,2025-09-12 15:32:03+00:00,2025-09-12 16:50:02+00:00,2025-09-12 16:50:02+00:00,0,0,36,257,288,closed,True,732,2025-09-12 16:50:02+00:00,1.2997222222222222
2823097777,62185,fix: remove placeholder text from english intro.json,abhisek7154,2025-09-12 15:24:01+00:00,2025-09-12 20:17:34+00:00,2025-09-12 20:17:34+00:00,0,5,1,5,10,closed,True,830,2025-09-12 20:17:34+00:00,4.8925
2822941746,62182,fix: indentation error reporting,ojeytonwilliams,2025-09-12 14:32:38+00:00,2025-09-16 14:36:42+00:00,2025-09-16 14:36:42+00:00,0,0,2,52,9,closed,True,798,2025-09-16 14:36:42+00:00,96.06777777777778
2822456019,62180,fix(curriculum): correct function name in daily challenge hint,HL2303,2025-09-12 12:00:21+00:00,2025-09-12 14:45:00+00:00,,2,0,1,1,1,closed,False,747,2025-09-12 14:45:00+00:00,2.7441666666666666
2822358488,62179,fix(tools): insert step with appropriate challenge type,ojeytonwilliams,2025-09-12 11:28:03+00:00,2025-09-16 07:50:25+00:00,2025-09-16 07:50:25+00:00,0,0,5,39,30,closed,True,915,2025-09-16 07:50:25+00:00,92.37277777777778
2822147720,62177,refactor: client jest -> vitest,ojeytonwilliams,2025-09-12 10:11:57+00:00,2025-09-16 06:30:07+00:00,2025-09-16 06:30:07+00:00,1,0,86,1093,957,closed,True,991,2025-09-16 06:30:07+00:00,92.30277777777778
2821695468,62174,fix(curriculum): correct function name typo in daily coding challenge,txlcodes,2025-09-12 08:04:08+00:00,2025-09-12 16:07:13+00:00,,4,0,1,2,1,closed,False,780,2025-09-12 16:07:13+00:00,8.051388888888889
2821469294,62173,feat(curriculum): add wherefore art thou challenge lab,larymak,2025-09-12 06:44:06+00:00,2025-09-22 05:39:59+00:00,2025-09-22 05:39:59+00:00,1,8,5,170,21,closed,True,806,2025-09-22 05:39:59+00:00,238.93138888888888
2821283797,62172,fix(curriculum): correct function name used in hints for base check daily challenge,dley18,2025-09-12 05:14:07+00:00,2025-09-12 15:06:14+00:00,2025-09-12 15:06:14+00:00,3,0,1,1,1,closed,True,755,2025-09-12 15:06:14+00:00,9.868611111111111
2782830582,1548,Removed missing video link ,CodeCrateDev,2025-08-28 19:57:11+00:00,2025-08-29 00:08:20+00:00,2025-08-29 00:08:20+00:00,1,0,1,0,1,closed,True,85,2025-08-29 00:08:20+00:00,4.185833333333333
2782250985,1547,Removed links that no longer function,CodeCrateDev,2025-08-28 15:53:34+00:00,2025-08-28 18:47:44+00:00,,2,0,1,0,1,closed,False,80,2025-08-28 18:47:44+00:00,2.9027777777777777
2691698979,1517,Update README.md,rv-patel-0131,2025-07-24 11:30:42+00:00,2025-07-25 12:16:23+00:00,,3,0,1,0,5,closed,False,298,2025-07-25 12:16:23+00:00,24.761388888888888
2647265437,1506,Add files via upload ,datvippp,2025-07-07 16:07:50+00:00,2025-07-16 20:44:09+00:00,,1,0,1,0,0,closed,False,0,2025-07-16 20:44:09+00:00,220.6052777777778
2643895889,1503,my life partner,mauromarknazarenofanelli,2025-07-05 21:34:07+00:00,2025-07-09 19:03:36+00:00,,4,0,2,117,0,closed,False,0,2025-07-09 19:03:36+00:00,93.49138888888889
2635300928,1498,Update ISSUE_TEMPLATE.md,cabrioleth,2025-07-02 12:27:06+00:00,2025-07-16 20:44:51+00:00,,7,0,1,1,0,closed,False,225,2025-07-16 20:44:51+00:00,344.29583333333335
2608315349,1461,Create SECURITY-1.md,mauromarknazarenofanelli,2025-06-20 19:52:22+00:00,2025-06-25 16:32:47+00:00,,2,0,1,21,0,closed,False,0,2025-06-25 16:32:47+00:00,116.67361111111111
2526157265,1434,Add link to Build your own TanStack Query,mugglim,2025-05-17 15:18:23+00:00,2025-08-10 07:18:14+00:00,,3,0,1,1,0,closed,False,482,2025-08-10 07:18:14+00:00,2031.9975
2469108303,1419,YourWorld,desirelovellcom,2025-04-18 22:28:07+00:00,2025-05-27 03:49:00+00:00,,4,2,1,18,1,closed,False,511,2025-05-27 03:49:00+00:00,917.3480555555556
2456310503,1416,Merge pull request #1 from codecrafters-io/master,Ravien777,2025-04-13 23:19:35+00:00,2025-04-14 15:07:16+00:00,,0,0,0,0,0,closed,False,1,2025-04-14 15:07:16+00:00,15.794722222222223
2454450064,1414,Add a new tutorial for zig.,maysara-elshewehy,2025-04-11 18:01:29+00:00,2025-04-11 19:13:28+00:00,2025-04-11 19:13:28+00:00,1,0,1,1,0,closed,True,512,2025-04-11 19:13:28+00:00,1.1997222222222221
2441312922,1406,Patch 1,Aston32,2025-04-05 19:31:19+00:00,2025-04-06 15:03:04+00:00,,1,0,2,1,0,closed,False,259,2025-04-06 15:03:04+00:00,19.529166666666665
2425111338,1396,add a new operating system tutorial,sudonam,2025-03-28 11:52:40+00:00,2025-03-28 13:35:04+00:00,,1,0,1,1,0,closed,False,353,2025-03-28 13:35:04+00:00,1.7066666666666668
2355867345,1372,Create MyX,MachidonMihai,2025-02-25 07:57:09+00:00,2025-03-04 12:23:22+00:00,,1,0,1,1,0,closed,False,263,2025-03-04 12:23:22+00:00,172.43694444444444
2314830994,1325,Update README.md,Parag479,2025-02-04 11:09:30+00:00,2025-03-04 12:22:31+00:00,,2,1,1,1,1,closed,False,339,2025-03-04 12:22:31+00:00,673.2169444444445
2261667127,1311,Update README.md,Ananya-Addisu,2025-01-06 10:24:49+00:00,2025-01-06 12:27:15+00:00,,0,0,1,1,1,closed,False,0,2025-01-06 12:27:15+00:00,2.0405555555555557
2256082513,1308,Fix Python Reddit Bot link,Ishan-Karpe,2024-12-31 04:58:11+00:00,2025-01-06 16:30:47+00:00,,0,0,1,1,1,closed,False,61,2025-01-06 16:30:47+00:00,155.54333333333332
2216510249,1293,Update README.md,bryankeating10,2024-12-05 01:45:54+00:00,2025-01-23 00:33:38+00:00,,0,0,1,1,1,closed,False,34,2025-01-23 00:33:38+00:00,1174.7955555555557
2208516088,1287,Added writing an operating system in Nim,khaledh,2024-11-30 20:00:31+00:00,2025-02-18 14:29:48+00:00,,2,0,1,1,0,closed,False,59,2025-02-18 14:29:48+00:00,1914.4880555555555
2205672108,1285,New tutorial : Build a NoSQL Database using Go,noam-no,2024-11-28 12:44:26+00:00,2024-12-05 15:12:10+00:00,,6,0,1,1,0,closed,False,93,2024-12-05 15:12:10+00:00,170.4622222222222
2104865896,1189,Create Xxx,Aston32,2024-10-03 06:58:16+00:00,2024-10-04 12:04:02+00:00,,2,0,1,1,0,closed,False,12,2024-10-04 12:04:02+00:00,29.09611111111111
2082909830,1183,Adding an `Open in DevZero` Button,AryanP45,2024-09-20 10:47:35+00:00,2024-09-20 11:48:58+00:00,,1,0,1,3,0,closed,False,303,2024-09-20 11:48:58+00:00,1.0230555555555556
2020975208,1130,Add Implementing a Chrome BI Bot with 200 lines of code,neuqzxy,2024-08-15 11:50:09+00:00,2024-09-02 12:26:46+00:00,,2,0,1,1,0,closed,False,0,2024-09-02 12:26:46+00:00,432.61027777777775
2017974696,1128,Enable Markdown detection.,MichaelHinrichs,2024-08-13 21:14:15+00:00,2024-09-03 14:39:35+00:00,2024-09-03 14:39:35+00:00,2,0,1,2,0,closed,True,0,2024-09-03 14:39:35+00:00,497.4222222222222
2002060469,1124,Update README.md,squibbium-235,2024-08-03 14:41:51+00:00,2024-08-06 00:02:51+00:00,2024-08-06 00:02:50+00:00,1,0,1,0,1,closed,True,163,2024-08-06 00:02:50+00:00,57.34972222222222
1990783568,1115,"Add ""Build Your Own SMTP Server in Go""",hommevert,2024-07-28 07:04:16+00:00,2024-08-10 13:11:30+00:00,,0,0,1,1,0,closed,False,0,2024-08-10 13:11:30+00:00,318.12055555555554
1988997208,1114,Create projects_scrap_help,peace-o-g,2024-07-26 08:39:01+00:00,2024-07-26 12:47:34+00:00,,0,0,1,1,0,closed,False,0,2024-07-26 12:47:34+00:00,4.1425
1967983575,1107,"Updated the article link for ""Python: Developing a License Plate Recognition System with Machine Learning in Python""",aman08singh,2024-07-13 18:06:33+00:00,2024-07-15 11:09:09+00:00,,2,2,1,1,1,closed,False,0,2024-07-15 11:09:09+00:00,41.04333333333334
1945367495,1084,feat: added how to build a cli app with node 2024 guide,egmzy,2024-06-29 08:23:12+00:00,2024-09-13 13:41:27+00:00,,1,0,1,1,0,closed,False,143,2024-09-13 13:41:27+00:00,1829.3041666666666
1943056797,1081,Add blog post on JavaScript search engine creation and usage,GifftyCode,2024-06-27 19:39:35+00:00,2024-07-24 22:21:34+00:00,,0,0,1,385,385,closed,False,0,2024-07-24 22:21:34+00:00,650.6997222222222
1939989544,1076,Add OSDev Wiki,giovanni-iannaccone,2024-06-26 13:05:51+00:00,2024-08-16 11:56:09+00:00,,0,0,1,2,0,closed,False,264,2024-08-16 11:56:09+00:00,1222.8383333333334
1905971234,1060,fix: fixed broken link from list,davayd,2024-06-05 21:00:45+00:00,2024-06-12 21:49:32+00:00,2024-06-12 21:49:32+00:00,2,0,1,1,1,closed,True,13,2024-06-12 21:49:32+00:00,168.81305555555556
1897045296,1055,Add link to create a spinning ascii donut,jotavare,2024-05-31 01:46:49+00:00,2024-06-02 16:58:08+00:00,,0,0,1,1,0,closed,False,0,2024-06-02 16:58:08+00:00,63.18861111111111
1819150161,1030,added python commandline tool,zpratikpathak,2024-04-12 03:57:56+00:00,2024-04-14 10:53:53+00:00,,0,2,1,2,0,closed,False,93,2024-04-14 10:53:53+00:00,54.9325
1787070777,1025,emphasize for missing tutorials,joaorlima,2024-03-22 18:07:14+00:00,2024-03-25 11:24:10+00:00,2024-03-25 11:24:10+00:00,1,0,1,2,2,closed,True,0,2024-03-25 11:24:10+00:00,65.28222222222222
1775926212,1021,Fix: broken README.md link to Python ML tutorial for license plate detection,R055A,2024-03-17 07:20:20+00:00,2024-07-17 13:30:56+00:00,2024-07-17 13:30:56+00:00,2,0,1,1,1,closed,True,926,2024-07-17 13:30:56+00:00,2934.1766666666667
1771014289,1020,fix missing underscore for Go database tutorial,joaorlima,2024-03-13 22:47:30+00:00,2024-03-14 09:56:57+00:00,2024-03-14 09:56:57+00:00,1,0,1,1,1,closed,True,1,2024-03-14 09:56:57+00:00,11.1575
1735962296,1014,Fixed broken link,karandeeppotato,2024-02-21 04:21:04+00:00,2024-02-21 19:04:09+00:00,2024-02-21 19:04:09+00:00,1,0,1,1,1,closed,True,108,2024-02-21 19:04:09+00:00,14.718055555555555
1731399576,1012,Update README.md,aastik7,2024-02-18 00:28:58+00:00,2024-02-19 11:57:44+00:00,2024-02-19 11:57:44+00:00,1,0,1,1,1,closed,True,183,2024-02-19 11:57:44+00:00,35.47944444444445
1719224862,1007,fix: using https instead of http for createcommons,erwanvivien,2024-02-09 12:01:46+00:00,2024-02-09 13:57:09+00:00,2024-02-09 13:57:09+00:00,1,0,1,1,1,closed,True,0,2024-02-09 13:57:09+00:00,1.9230555555555555
1692848592,996,Update broken git plugin tutorial link,bepisdev,2024-01-24 02:31:52+00:00,2024-01-25 13:41:45+00:00,2024-01-25 13:41:45+00:00,1,0,1,1,1,closed,True,0,2024-01-25 13:41:45+00:00,35.164722222222224
1661370382,981,Correcting a grammatical issue,Anto-Napo,2024-01-02 03:05:32+00:00,2024-01-03 09:37:44+00:00,,1,0,1,1,1,closed,False,32,2024-01-03 09:37:44+00:00,30.536666666666665
1659551119,977,Fixed broken link for 'Command line tool in Rust',ajaypremshankar,2023-12-29 04:09:20+00:00,2023-12-29 16:48:25+00:00,2023-12-29 16:48:25+00:00,1,0,1,1,1,closed,True,0,2023-12-29 16:48:25+00:00,12.651388888888889
1623123923,966,Add: build your own data compressor,divyenduz,2023-11-30 07:11:48+00:00,2025-05-14 08:53:44+00:00,,1,0,1,1,0,closed,False,37,2025-05-14 08:53:44+00:00,12745.698888888888
1617004045,964,Fixed dead link with Wayback Machine,cre0z,2023-11-26 19:26:15+00:00,2024-01-04 21:29:54+00:00,,0,0,1,1,1,closed,False,148,2024-01-04 21:29:54+00:00,938.0608333333333
1614837555,961,new pull request,Chicago2219,2023-11-23 18:00:26+00:00,2023-11-24 11:55:09+00:00,,0,0,1,1,0,closed,False,0,2023-11-24 11:55:09+00:00,17.911944444444444
1595023327,956,Update README.md,Rai-Sahil,2023-11-09 19:50:13+00:00,2024-02-25 19:38:59+00:00,,1,0,1,1,1,closed,False,0,2024-02-25 19:38:59+00:00,2591.8127777777777
1590350978,954,Add Build Your Own Web Server From Scratch In JavaScript,byo-books,2023-11-07 11:00:34+00:00,2023-11-07 12:12:27+00:00,2023-11-07 12:12:27+00:00,1,0,1,1,0,closed,True,0,2023-11-07 12:12:27+00:00,1.1980555555555557
1572125866,948,Update README.md,tmsagarofficial,2023-10-25 04:24:07+00:00,2025-02-05 17:34:00+00:00,,1,0,1,3,3,closed,False,31,2025-02-05 17:34:00+00:00,11269.164722222222
1551954996,944,Update README.md,AaadityaG,2023-10-11 11:40:19+00:00,2023-10-16 17:13:38+00:00,,0,0,1,1,0,closed,False,14,2023-10-16 17:13:38+00:00,125.55527777777777
1546300720,941,Add Building Regex Engine in Go tutorial,rhaeguard,2023-10-07 09:02:51+00:00,2023-10-09 11:25:24+00:00,2023-10-09 11:25:24+00:00,1,0,1,1,0,closed,True,195,2023-10-09 11:25:24+00:00,50.37583333333333
1536510277,934,Fix: Replaced a broken link with alternative from smashingmagazine.com,Gokul2003g,2023-09-30 06:56:25+00:00,2023-10-26 20:04:50+00:00,2023-10-26 20:04:50+00:00,0,0,1,1,1,closed,True,144,2023-10-26 20:04:50+00:00,637.1402777777778
1451755957,923,"[Add] Learn Rust by 500 lines code, build a Todo Cli Application",cuppar,2023-07-27 10:36:21+00:00,2023-08-18 07:08:46+00:00,,1,0,1,32,27,closed,False,0,2023-08-18 07:08:46+00:00,524.5402777777778
1426008815,916,Update README.md,tolgacangoz,2023-07-08 17:47:57+00:00,2023-07-12 02:42:30+00:00,2023-07-12 02:42:30+00:00,0,0,1,1,1,closed,True,0,2023-07-12 02:42:30+00:00,80.90916666666666
1409272738,913,Add Bare Metal RISC-V From Scrach,peiyuanix,2023-06-27 07:29:32+00:00,2023-07-09 06:28:21+00:00,,0,0,1,1,0,closed,False,117,2023-07-09 06:28:21+00:00,286.98027777777776
1402946465,912,Update README.md,IceTheCoder,2023-06-22 06:41:16+00:00,2023-11-19 13:20:10+00:00,,0,0,1,3,3,closed,False,0,2023-11-19 13:20:10+00:00,3606.6483333333335
1370544857,906,Added link to CHIP-8 emulator created in Java from scratch,jrgf,2023-05-30 14:07:27+00:00,2023-08-14 20:38:36+00:00,,0,0,1,1,0,closed,False,0,2023-08-14 20:38:36+00:00,1830.5191666666667
1358242346,904,Update the Build Your Own Compiler book URL.,byo-books,2023-05-21 15:03:11+00:00,2023-05-22 10:50:58+00:00,2023-05-22 10:50:58+00:00,0,0,1,1,1,closed,True,0,2023-05-22 10:50:58+00:00,19.796388888888888
1358007247,903,Write a `Shell` in `C`,hasanisaeed,2023-05-20 17:32:25+00:00,2023-06-26 04:48:49+00:00,2023-06-26 04:48:49+00:00,1,0,1,1,0,closed,True,83,2023-06-26 04:48:49+00:00,875.2733333333333
1349805395,900,Added build your own X (Rust Specific),callumfrederiksen,2023-05-14 13:42:52+00:00,2024-07-01 21:47:27+00:00,,0,0,1,1,0,closed,False,73,2024-07-01 21:47:27+00:00,9944.076388888889
1349694592,898,Added Books by Throsten Ball to make Languages in Go,Jonak-Adipta-Kalita,2023-05-14 04:11:40+00:00,2023-05-22 06:19:08+00:00,2023-05-22 06:19:08+00:00,0,0,0,0,0,closed,True,0,2023-05-22 06:19:08+00:00,194.12444444444444
1343429657,893,add Build your own VPN/Virtual Switch,peiyuanix,2023-05-09 09:03:51+00:00,2023-05-10 00:26:40+00:00,2023-05-10 00:26:40+00:00,0,3,1,1,0,closed,True,114,2023-05-10 00:26:40+00:00,15.380277777777778
1342981808,892,Add: Build your own - Adblocker,9bany,2023-05-09 01:19:09+00:00,2023-05-09 09:01:41+00:00,2023-05-09 09:01:40+00:00,1,2,1,1,0,closed,True,156,2023-05-09 09:01:40+00:00,7.708611111111111
1342730408,891,add Build you own Zerotier (L2 VPN),peiyuanix,2023-05-08 20:13:28+00:00,2023-05-09 08:52:24+00:00,,0,0,1,1,0,closed,False,0,2023-05-09 08:52:24+00:00,12.648888888888889
1336092972,890,Create your first simple Discord bot in java.,Skitbet,2023-05-03 04:05:20+00:00,2023-09-28 06:46:58+00:00,,0,0,1,1,0,closed,False,0,2023-09-28 06:46:58+00:00,3554.693888888889
1333190590,889,Add Build An AI Image Generator With OpenAI & Node.js by Brad Traversy,Relin404,2023-04-30 22:04:21+00:00,2025-03-29 15:44:21+00:00,,1,0,1,1,0,closed,False,0,2025-03-29 15:44:21+00:00,16769.666666666668
1312343663,879,Add: Building Your Own Programming Language From Scratch With Java,hiifong,2023-04-13 11:24:41+00:00,2023-07-08 09:05:34+00:00,,0,0,1,10,0,closed,False,0,2023-07-08 09:05:34+00:00,2061.6813888888887
1312327354,878,Update URL for Let's Create a Simple Load Balancer With Go,kasvith,2023-04-13 11:11:22+00:00,2023-05-28 13:56:02+00:00,2023-05-28 13:56:02+00:00,0,0,1,1,1,closed,True,44,2023-05-28 13:56:02+00:00,1082.7444444444445
1290293680,870,Add quote information,CodeMaster7000,2023-03-26 10:00:21+00:00,2023-10-16 15:00:21+00:00,,1,0,1,1,1,closed,False,0,2023-10-16 15:00:21+00:00,4901.0
1265744512,864,Add the Game Engine Series by The Cherno,3xcpy,2023-03-07 07:05:57+00:00,2023-03-07 13:52:01+00:00,2023-03-07 13:52:01+00:00,3,0,1,1,0,closed,True,113,2023-03-07 13:52:01+00:00,6.767777777777778
2856959533,3666,Add Kodus to Testing,edvaldofreitas,2025-09-24 13:22:35+00:00,2025-09-25 03:43:15+00:00,,0,0,1,1,0,closed,False,55,2025-09-25 03:43:15+00:00,14.344444444444445
2845139005,3656,Update readme.md,CleanAmirHosseinDev,2025-09-19 20:47:43+00:00,2025-09-20 03:29:40+00:00,,0,0,1,1,0,closed,False,8934,2025-09-20 03:29:40+00:00,6.699166666666667
2826196822,3640,Add short definition for Frontend Development link,Froilan-design,2025-09-14 01:54:01+00:00,2025-09-14 02:59:45+00:00,,0,0,1,1,1,closed,False,8877,2025-09-14 02:59:45+00:00,1.0955555555555556
2788097694,3618,Update readme.md,mroresi,2025-08-31 22:15:52+00:00,2025-08-31 23:51:08+00:00,,0,0,1,1,117,closed,False,8877,2025-08-31 23:51:08+00:00,1.5877777777777777
2780523216,3616,Add InstagramPrivSniffer,obitouka,2025-08-28 05:53:21+00:00,2025-08-28 10:17:51+00:00,,0,0,1,1,0,closed,False,9386,2025-08-28 10:17:51+00:00,4.408333333333333
2777755281,3613,Add AI Chaos Engineering,sbalnojan,2025-08-27 09:32:43+00:00,2025-08-27 10:37:14+00:00,,2,0,1,1,0,closed,False,295,2025-08-27 10:37:14+00:00,1.0752777777777778
2763020907,3603,Add Modular,paofan25,2025-08-21 13:30:17+00:00,2025-08-21 19:45:19+00:00,,0,0,1,2,0,closed,False,9355,2025-08-21 19:45:19+00:00,6.250555555555556
2742805918,3588,Add Codeflash,somya-codeflash,2025-08-13 13:04:39+00:00,2025-08-22 08:53:02+00:00,,0,0,1,1,0,closed,False,1770,2025-08-22 08:53:02+00:00,211.80638888888888
2741940953,3586,add the keploy section in the backend development section,pratik-mahalle,2025-08-13 08:30:34+00:00,2025-08-13 15:13:15+00:00,,0,0,1,2,0,closed,False,9140,2025-08-13 15:13:15+00:00,6.711388888888889
2739636114,3584,Update readme.md,yboulaamane,2025-08-12 15:17:58+00:00,2025-08-18 08:20:15+00:00,,1,3,1,1,0,closed,False,8877,2025-08-18 08:20:15+00:00,137.03805555555556
2728249194,3575,Added Vulert into README.md,ankitdn,2025-08-07 15:44:38+00:00,2025-08-08 16:21:35+00:00,,0,0,1,1,0,closed,False,28,2025-08-08 16:21:35+00:00,24.615833333333335
2715814795,3573,Add new item 'LogSentienlAI' in 'Computer Science' category,call518,2025-08-03 08:30:45+00:00,2025-08-03 20:33:13+00:00,,0,0,1,1,0,closed,False,9664,2025-08-03 20:33:13+00:00,12.04111111111111
2715198092,3569,Update awesome.md,mrunali0204,2025-08-02 18:20:19+00:00,2025-08-02 22:25:02+00:00,,0,0,1,1,0,closed,False,8877,2025-08-02 22:25:02+00:00,4.078611111111111
2696717379,3561,Fix typo in README,suleyman4445,2025-07-26 06:48:47+00:00,2025-07-26 13:06:40+00:00,,0,0,1,1,1,closed,False,8877,2025-07-26 13:06:40+00:00,6.298055555555556
2675739427,3550,Add SmartUmpires to Awesome list,SawyerWetson,2025-07-18 01:46:58+00:00,2025-07-18 10:01:12+00:00,,0,0,1,2,0,closed,False,943,2025-07-18 10:01:12+00:00,8.237222222222222
2669564489,3544,Add HumanizeAI,sweesama,2025-07-16 06:41:53+00:00,2025-07-21 11:25:06+00:00,,0,0,1,1,0,closed,False,8877,2025-07-21 11:25:06+00:00,124.72027777777778
2668458440,3543,Add AI Coding,TomGranot,2025-07-15 19:21:47+00:00,2025-07-16 16:33:33+00:00,,5,0,1,1,0,closed,False,51,2025-07-16 16:33:33+00:00,21.19611111111111
2662993729,3540,Update readme.md,D-FOG,2025-07-14 04:41:05+00:00,2025-07-14 12:54:08+00:00,,0,0,1,1,0,closed,False,8955,2025-07-14 12:54:08+00:00,8.2175
2662457427,3536,BnayyUpdate logo.svg,Banty6661,2025-07-13 18:21:14+00:00,2025-07-13 22:47:08+00:00,,1,0,1,1,1,closed,False,8954,2025-07-13 22:47:08+00:00,4.431666666666667
2660360113,3534,Add GGUF Loader to Awesome Local AI,hussainnazary2,2025-07-11 21:24:36+00:00,2025-07-12 23:27:31+00:00,,0,0,1,1,1,closed,False,453,2025-07-12 23:27:31+00:00,26.04861111111111
2655710834,3531,Add UltimateLinuxScript to Miscellaneous,baxr6,2025-07-10 12:04:38+00:00,2025-07-10 22:31:46+00:00,,2,0,1,2,0,closed,False,9286,2025-07-10 22:31:46+00:00,10.452222222222222
2643859628,3528,Add Smart WebView to Platforms,mgks,2025-07-05 21:01:27+00:00,2025-07-05 23:15:16+00:00,,0,0,1,1,0,closed,False,9737,2025-07-05 23:15:16+00:00,2.230277777777778
2625974729,3512,docs: add 20 language links of README,shps951023,2025-06-28 09:51:32+00:00,2025-06-28 11:28:31+00:00,,1,0,1,31,0,closed,False,9564,2025-06-28 11:28:31+00:00,1.6163888888888889
2625676139,3510,Add WebAuxillary to Front-End Development,electric-otter,2025-06-28 00:41:22+00:00,2025-06-28 21:17:24+00:00,,1,0,1,1,0,closed,False,9187,2025-06-28 21:17:24+00:00,20.600555555555555
2622983736,3509,Add maxx,dusbot,2025-06-27 03:14:03+00:00,2025-06-27 11:27:29+00:00,,0,0,1,1,0,closed,False,0,2025-06-27 11:27:29+00:00,8.223888888888888
2600286527,3493,Update readme.md,dowithless,2025-06-18 01:54:02+00:00,2025-06-18 13:04:53+00:00,,1,0,1,12,0,closed,False,8907,2025-06-18 13:04:53+00:00,11.180833333333334
2592753251,3485,add Roblox Studio resources,GabbzDev,2025-06-14 17:18:04+00:00,2025-06-15 07:16:12+00:00,,1,0,1,1,0,closed,False,8877,2025-06-15 07:16:12+00:00,13.96888888888889
2592482723,3484,Update contributing.md,natshanay,2025-06-14 11:50:17+00:00,2025-06-14 13:11:33+00:00,,1,0,1,1,0,closed,False,8877,2025-06-14 13:11:33+00:00,1.3544444444444443
2581436918,3479,ci-cd (repo): add spam detector GH action,hesreallyhim,2025-06-10 13:47:29+00:00,2025-06-11 13:27:02+00:00,,2,0,1,26,0,closed,False,262,2025-06-11 13:27:02+00:00,23.659166666666668
2572738077,3471,Improve clarity in badge usage explanation,yuriuser126,2025-06-06 07:46:57+00:00,2025-06-06 11:42:13+00:00,2025-06-06 11:42:13+00:00,0,0,1,1,1,closed,True,172,2025-06-06 11:42:13+00:00,3.921111111111111
2568303929,3467,Add `Meshery` and `Kanvas` in Devops section,saurabhraghuvanshii,2025-06-04 19:49:37+00:00,2025-06-04 22:48:01+00:00,,1,0,1,6,0,closed,False,8199,2025-06-04 22:48:01+00:00,2.973333333333333
2542382331,3458,Add Ash,ken-kost,2025-05-25 11:50:00+00:00,2025-05-25 13:06:50+00:00,,3,0,1,1,0,closed,False,8906,2025-05-25 13:06:50+00:00,1.2805555555555554
2538915860,3455,Add Claude Code,hesreallyhim,2025-05-23 06:14:56+00:00,2025-06-11 12:48:07+00:00,2025-06-11 12:48:07+00:00,4,0,1,1,0,closed,True,8930,2025-06-11 12:48:07+00:00,462.55305555555555
2525445533,3451,Add Pokémon Home,alexrodba,2025-05-16 23:14:08+00:00,2025-05-19 10:28:16+00:00,,3,0,1,1,0,closed,False,9063,2025-05-19 10:28:16+00:00,59.23555555555556
2499496891,3427,Add SDR,vkvbit,2025-05-05 18:38:18+00:00,2025-05-13 22:25:48+00:00,,6,0,1,1,0,closed,False,8832,2025-05-13 22:25:48+00:00,195.79166666666666
2497118596,3422,AI Driven Product Engineering (Engineers +  Program managers/ Product Owners)),parolkar,2025-05-04 03:43:57+00:00,2025-05-04 07:17:23+00:00,,1,0,1,1,0,closed,False,880,2025-05-04 07:17:23+00:00,3.5572222222222223
2497050950,3418,Add SDR,vkvbit,2025-05-03 23:14:13+00:00,2025-05-04 19:01:08+00:00,,3,0,1,1,0,closed,False,679,2025-05-04 19:01:08+00:00,19.781944444444445
2453407450,3398,Add WebAssembly,thisisisa,2025-04-11 10:05:00+00:00,2025-07-05 23:21:42+00:00,2025-07-05 23:21:42+00:00,15,1,1,1,0,closed,True,9077,2025-07-05 23:21:42+00:00,2053.278333333333
2441532169,3394,Update readme.md,ajaydcruz,2025-04-06 08:00:53+00:00,2025-05-29 10:37:17+00:00,,6,1,1,1,0,closed,False,8948,2025-05-29 10:37:17+00:00,1274.6066666666666
2411196447,3384,Add Generative AI for beginners with JavaScript,unclebay143,2025-03-22 10:56:08+00:00,2025-03-22 14:01:15+00:00,,1,0,1,1,0,closed,False,8939,2025-03-22 14:01:15+00:00,3.085277777777778
2406438304,3381,suppression du fichier readme,Nonomerveille,2025-03-20 10:17:41+00:00,2025-03-20 11:42:44+00:00,,1,0,0,0,0,closed,False,8877,2025-03-20 11:42:44+00:00,1.4175
2385243350,3375,Update readme.md,NoorEMobeen,2025-03-11 14:01:06+00:00,2025-03-13 11:57:42+00:00,2025-03-13 11:57:42+00:00,0,0,1,7,7,closed,True,8877,2025-03-13 11:57:42+00:00,45.943333333333335
2370098287,3366,Add Front-End Development - free tool added for frontend development,ArishN,2025-03-04 08:51:09+00:00,2025-03-04 10:21:45+00:00,,0,0,1,2,0,closed,False,8871,2025-03-04 10:21:45+00:00,1.51
2343794857,3358,Update readme.md,Emmeline-Hawthorne,2025-02-19 07:00:55+00:00,2025-02-19 08:32:38+00:00,,0,0,1,1,0,closed,False,8877,2025-02-19 08:32:38+00:00,1.5286111111111111
2335342780,3357,"Added Serilog, Hangfire, Polly, FluentValidation, and BenchmarkDotNet to Awesome .NET List",nileshsheth,2025-02-14 06:33:16+00:00,2025-02-14 08:16:16+00:00,,0,0,1,177,171,closed,False,1102,2025-02-14 08:16:16+00:00,1.7166666666666666
2320081053,3351,Add Standards,donBarbos,2025-02-06 14:35:08+00:00,2025-05-15 13:13:42+00:00,2025-05-15 13:13:42+00:00,6,0,1,1,0,closed,True,8921,2025-05-15 13:13:42+00:00,2350.6427777777776
2318470837,3350,Add Payload,DanailMinchev,2025-02-05 20:25:54+00:00,2025-04-08 10:52:41+00:00,2025-04-08 10:52:40+00:00,10,0,1,1,0,closed,True,9544,2025-04-08 10:52:40+00:00,1478.4461111111111
2318042323,3349,Remove dead links,pranjalpokharel7,2025-02-05 16:29:25+00:00,2025-02-05 17:54:43+00:00,2025-02-05 17:54:43+00:00,0,1,1,0,3,closed,True,9225,2025-02-05 17:54:43+00:00,1.4216666666666666
2310893058,3347,Add chinese,zji20,2025-02-01 18:55:25+00:00,2025-02-02 03:30:34+00:00,,0,0,1,130,805,closed,False,8877,2025-02-02 03:30:34+00:00,8.585833333333333
2306932863,3343,Add Dofus 3,esaias-hebert-bernig,2025-01-30 13:52:52+00:00,2025-05-15 12:30:37+00:00,,5,1,1,1,0,closed,False,8645,2025-05-15 12:30:37+00:00,2518.6291666666666
2293826304,3341,Add missing period for consistency in the Code-of-Conduct.md section,shaymolcho,2025-01-23 07:41:57+00:00,2025-01-23 08:49:34+00:00,,1,0,1,1,1,closed,False,9148,2025-01-23 08:49:34+00:00,1.1269444444444445
2283589042,3335,Add CodeRabbit,tyaga001,2025-01-17 06:13:49+00:00,2025-03-04 08:42:03+00:00,2025-03-04 08:42:03+00:00,13,3,1,1,0,closed,True,9542,2025-03-04 08:42:03+00:00,1106.4705555555556
2281675312,3332,Create  Birthday Countdown,0543597595,2025-01-16 12:15:02+00:00,2025-01-16 17:23:36+00:00,,3,0,1,108,0,closed,False,9541,2025-01-16 17:23:36+00:00,5.142777777777778
2259714307,3323,Add ATProto,darccio,2025-01-03 19:49:15+00:00,2025-05-15 12:37:25+00:00,2025-05-15 12:37:25+00:00,6,3,1,1,0,closed,True,8365,2025-05-15 12:37:25+00:00,3160.802777777778
2257365234,3320,Add Mendix,jsp-mx,2025-01-02 04:52:25+00:00,2025-05-15 12:16:38+00:00,,6,3,1,1,0,closed,False,8954,2025-05-15 12:16:38+00:00,3199.4036111111113
2254232596,3316,Update readme.md,fearlessgeekmedia,2024-12-28 18:34:26+00:00,2024-12-28 19:42:04+00:00,,2,0,1,1,0,closed,False,8877,2024-12-28 19:42:04+00:00,1.1272222222222221
2251263138,3314,Update readme.md -- Add Artificial Intelligence Platforms,dmitrymindstudio,2024-12-24 20:28:44+00:00,2024-12-25 00:14:34+00:00,,0,0,1,5,0,closed,False,8776,2024-12-25 00:14:34+00:00,3.763888888888889
2247541135,3312,Add Large Language Model,zhiyuan8,2024-12-21 00:31:31+00:00,2024-12-30 08:56:59+00:00,,4,3,1,1,0,closed,False,9022,2024-12-30 08:56:59+00:00,224.42444444444445
2243923962,3311,Create SECURITY.md,cg968,2024-12-19 09:06:24+00:00,2024-12-19 15:09:08+00:00,,0,0,1,21,0,closed,False,8877,2024-12-19 15:09:08+00:00,6.045555555555556
2235751255,3308,Add Free Apps,Axorax,2024-12-15 12:17:14+00:00,2025-01-10 19:04:21+00:00,,13,2,1,3,0,closed,False,9103,2025-01-10 19:04:21+00:00,630.7852777777778
2221492318,3299,"Update link for ""Drupal"" CMS",theodorosploumis,2024-12-07 14:26:25+00:00,2025-05-15 12:33:32+00:00,,9,0,1,1,1,closed,False,9148,2025-05-15 12:33:32+00:00,3814.118611111111
2217031731,3297,Update create-list.md,Kitarah,2024-12-05 08:19:23+00:00,2024-12-05 16:14:20+00:00,,0,0,1,1,0,closed,False,8877,2024-12-05 16:14:20+00:00,7.9158333333333335
2217028308,3296,@KAPKYK,Kitarah,2024-12-05 08:17:57+00:00,2024-12-05 16:07:29+00:00,,0,0,1,0,0,closed,False,8877,2024-12-05 16:07:29+00:00,7.825555555555556
2210725555,3293,Add Permacomputing,thisisisa,2024-12-02 16:08:58+00:00,2025-02-28 04:32:36+00:00,2025-02-28 04:32:36+00:00,7,0,1,1,0,closed,True,9099,2025-02-28 04:32:36+00:00,2100.393888888889
2198132364,3283,Add Semantic Commit,bozaci,2024-11-25 10:59:32+00:00,2025-05-20 13:41:00+00:00,,5,0,1,1,0,closed,False,9461,2025-05-20 13:41:00+00:00,4226.691111111111
2196279975,3282,Add PostgreSQL hacking,zhjwpku,2024-11-23 15:16:45+00:00,2025-01-25 09:09:05+00:00,,10,3,1,1,0,closed,False,8131,2025-01-25 09:09:05+00:00,1505.8722222222223
2182860965,3274,Add Sui & Update Move,yanganto,2024-11-16 01:26:40+00:00,2025-05-21 02:08:20+00:00,,8,0,1,2,1,closed,False,8607,2025-05-21 02:08:20+00:00,4464.694444444444
2171745308,3268,Create Trial 6,Jacobin47,2024-11-11 01:22:39+00:00,2024-11-11 13:38:46+00:00,,0,0,1,1,0,closed,False,8877,2024-11-11 13:38:46+00:00,12.268611111111111
2158363508,3256,"Add ""FOSS Alternatives""",hardBSDk,2024-11-01 16:22:48+00:00,2025-01-12 08:57:13+00:00,,7,1,1,1,0,closed,False,9184,2025-01-12 08:57:13+00:00,1720.5736111111112
2151667088,3252,Update repo_linter.sh to perform shallow clone instead of full clone,hstsethi,2024-10-29 14:03:36+00:00,2024-10-29 21:03:19+00:00,,1,0,1,1,1,closed,False,75,2024-10-29 21:03:19+00:00,6.995277777777778
2137003923,3248,Add Python Resources,lnxpy,2024-10-21 20:59:36+00:00,2024-10-22 13:40:51+00:00,,4,0,1,1,0,closed,False,8899,2024-10-22 13:40:51+00:00,16.6875
2105959889,3234,Add WezTerm,michaelbrusegard,2024-10-03 16:46:12+00:00,2025-05-15 11:53:01+00:00,2025-05-15 11:53:01+00:00,8,0,1,1,0,closed,True,9363,2025-05-15 11:53:01+00:00,5371.113611111111
2105438493,3232,Add Yazi,AnirudhG07,2024-10-03 12:22:21+00:00,2025-05-15 12:05:07+00:00,,14,2,1,1,0,closed,False,9420,2025-05-15 12:05:07+00:00,5375.712777777778
2099732875,3228,Add Reflex,itsmeadarsh2008,2024-09-30 17:57:07+00:00,2024-11-23 16:24:13+00:00,2024-11-23 16:24:13+00:00,13,2,1,1,0,closed,True,9181,2024-11-23 16:24:13+00:00,1294.4516666666666
2099095230,3227,Add Windows,0PandaDEV,2024-09-30 13:00:12+00:00,2024-11-23 14:44:06+00:00,2024-11-23 14:44:06+00:00,15,3,1,1,1,closed,True,9275,2024-11-23 14:44:06+00:00,1297.7316666666666
2098317272,3226,Add low code application development platform,powhapki,2024-09-30 07:01:43+00:00,2024-09-30 12:07:43+00:00,,2,0,1,1,0,closed,False,8935,2024-09-30 12:07:43+00:00,5.1
2096978977,3225,Add JavaFX to Java section,AbdelrahmanBayoumi,2024-09-28 13:11:21+00:00,2024-09-28 21:25:47+00:00,,1,0,1,1,0,closed,False,8877,2024-09-28 21:25:47+00:00,8.240555555555556
2096445850,3223,Add ABP Framework of Platforms,tarikozdemir,2024-09-27 19:23:13+00:00,2025-05-15 11:38:31+00:00,,7,1,1,1,0,closed,False,8774,2025-05-15 11:38:31+00:00,5512.255
2088353221,3217,Add AST Parsers,ishanvyas22,2024-09-24 07:34:22+00:00,2025-05-15 11:37:01+00:00,,6,0,1,1,0,closed,False,9054,2025-05-15 11:37:01+00:00,5596.044166666667
2084670987,3214,Add Graphic Software,mg0x7BE,2024-09-21 20:30:34+00:00,2024-09-22 10:30:01+00:00,,6,0,1,1,0,closed,False,9205,2024-09-22 10:30:01+00:00,13.990833333333333
2084019063,3210,Add WebGPU,ferminLR,2024-09-20 21:37:36+00:00,2025-05-15 11:49:06+00:00,2025-05-15 11:49:06+00:00,11,0,1,1,0,closed,True,9098,2025-05-15 11:49:06+00:00,5678.191666666667
2072996273,3206,Add online code editor,EliasPereirah,2024-09-16 00:17:22+00:00,2024-09-16 08:51:44+00:00,,1,0,1,1,0,closed,False,8858,2024-09-16 08:51:44+00:00,8.572777777777778
2072764941,3205,Add Firebase Genkit,xavidop,2024-09-15 15:58:49+00:00,2025-05-15 11:33:25+00:00,2025-05-15 11:33:25+00:00,12,0,1,1,0,closed,True,8490,2025-05-15 11:33:25+00:00,5803.576666666667
2047862483,3171,Add Neuroimaging,WillForan,2024-08-31 19:57:29+00:00,2025-05-15 11:44:00+00:00,2025-05-15 11:44:00+00:00,16,2,1,1,0,closed,True,9263,2025-05-15 11:44:00+00:00,6159.775277777778
2033347707,3159,Add Global Library,thebigcicca,2024-08-23 03:40:37+00:00,2024-10-28 18:29:31+00:00,,5,0,1,1,1,closed,False,9014,2024-10-28 18:29:31+00:00,1598.815
2021933704,3153,Add VBA,sancarn,2024-08-15 22:41:14+00:00,2025-05-15 13:01:58+00:00,2025-05-15 13:01:58+00:00,20,0,1,1,0,closed,True,9280,2025-05-15 13:01:58+00:00,6542.345555555556
2021390924,3152,Add Event-Driven Architecture,lutzh,2024-08-15 16:16:28+00:00,2024-11-28 19:02:19+00:00,2024-11-28 19:02:18+00:00,15,4,1,1,0,closed,True,8935,2024-11-28 19:02:18+00:00,2522.7638888888887
2018333436,3149,Update Ionic,riderx,2024-08-14 02:09:28+00:00,2024-08-14 11:56:32+00:00,2024-08-14 11:56:32+00:00,0,1,1,1,1,closed,True,9031,2024-08-14 11:56:32+00:00,9.784444444444444
2017257854,3148,Add WebCull,growthboot,2024-08-13 14:00:36+00:00,2024-08-13 19:03:09+00:00,,1,0,1,1,0,closed,False,0,2024-08-13 19:03:09+00:00,5.0425
2013721711,3146,Add Email Security,0xAnalyst,2024-08-11 08:01:17+00:00,2025-05-20 13:30:16+00:00,,18,6,1,1,0,closed,False,9159,2025-05-20 13:30:16+00:00,6773.483055555555
2010976708,3144,Add Formal Methods,ElNiak,2024-08-08 17:16:42+00:00,2024-10-29 09:38:53+00:00,,4,0,1,2,1,closed,False,8948,2024-10-29 09:38:53+00:00,1960.3697222222222
1990816228,3126,Add database design,sujeet-agrahari,2024-07-28 08:46:47+00:00,2024-07-30 02:05:05+00:00,,1,0,1,1,0,closed,False,8969,2024-07-30 02:05:05+00:00,41.305
1979785367,3115,Add J2ME,hstsethi,2024-07-21 05:20:07+00:00,2025-05-15 11:25:39+00:00,2025-05-15 11:25:39+00:00,10,0,1,1,0,closed,True,9115,2025-05-15 11:25:39+00:00,7158.0922222222225
1975707805,3111,Add CI/CD Attacks,TupleType,2024-07-18 10:37:44+00:00,2025-05-15 12:13:17+00:00,2025-05-15 12:13:17+00:00,12,0,1,1,0,closed,True,8942,2025-05-15 12:13:17+00:00,7225.5925
1970269575,3110,Add Xiangqi,lucaferranti,2024-07-15 21:25:06+00:00,2025-01-19 19:54:32+00:00,,15,1,1,1,0,closed,False,9443,2025-01-19 19:54:32+00:00,4510.490555555555
1955895929,3106,Add MariaDB,robertsilen,2024-07-06 05:35:30+00:00,2024-10-29 07:04:21+00:00,,3,0,1,1,0,closed,False,8875,2024-10-29 07:04:21+00:00,2761.4808333333335
1955591366,3104,Update readme.md,liyin2015,2024-07-05 19:36:22+00:00,2024-07-06 13:45:42+00:00,,2,0,1,1,0,closed,False,9435,2024-07-06 13:45:42+00:00,18.155555555555555
1951834943,3103,Add Neon,tyaga001,2024-07-03 14:52:48+00:00,2024-07-22 12:20:46+00:00,2024-07-22 12:20:45+00:00,16,0,1,1,0,closed,True,9337,2024-07-22 12:20:45+00:00,453.4658333333333
1941805103,3095,Add Email Security,0xAnalyst,2024-06-27 08:45:24+00:00,2024-08-11 07:54:18+00:00,,9,0,1,1,1,closed,False,9159,2024-08-11 07:54:18+00:00,1079.1483333333333
1939413322,3093,Add Email Security,0xAnalyst,2024-06-26 08:08:00+00:00,2024-06-27 08:33:44+00:00,,4,0,1,1,0,closed,False,9048,2024-06-27 08:33:44+00:00,24.42888888888889
1938007083,3092,Add Worlist,itsmohitnarayan,2024-06-25 15:23:21+00:00,2024-10-22 18:29:35+00:00,,3,0,1,1,0,closed,False,8870,2024-10-22 18:29:35+00:00,2859.103888888889
1936422106,3091,Add Lucid Dreams,IAmCoder,2024-06-24 22:21:43+00:00,2024-10-29 06:59:04+00:00,2024-10-29 06:59:04+00:00,6,5,1,1,0,closed,True,8424,2024-10-29 06:59:04+00:00,3032.6225
1920021559,3081,Add Tor,Polycarbohydrate,2024-06-14 06:25:07+00:00,2024-07-23 12:14:43+00:00,2024-07-23 12:14:43+00:00,7,5,1,1,0,closed,True,9595,2024-07-23 12:14:43+00:00,941.8266666666667
1911224648,3076,Added Hudson Rock to Security list,hudsonrock-partnerships,2024-06-10 04:13:33+00:00,2024-06-10 13:14:52+00:00,,0,0,1,1,0,closed,False,9013,2024-06-10 13:14:52+00:00,9.021944444444445
1910890272,3075,Add PowerToys Run Plugins,hlaueriksson,2024-06-09 17:56:38+00:00,2024-10-22 17:24:51+00:00,2024-10-22 17:24:51+00:00,4,0,1,1,0,closed,True,9323,2024-10-22 17:24:51+00:00,3239.470277777778
1905395754,3073,Update readme.md,Charlotte-br560,2024-06-05 15:16:22+00:00,2024-06-05 17:59:16+00:00,,0,0,1,1,0,closed,False,8900,2024-06-05 17:59:16+00:00,2.715
1902872693,3071,Add Regex,slevithan,2024-06-04 12:21:05+00:00,2024-10-22 18:14:52+00:00,2024-10-22 18:14:52+00:00,6,0,1,1,0,closed,True,8749,2024-10-22 18:14:52+00:00,3365.896388888889
1899755455,3068,Add Pentest Cheat Sheets,ByteSnipers,2024-06-02 23:37:28+00:00,2024-10-22 18:11:22+00:00,,6,1,1,1,0,closed,False,461,2024-10-22 18:11:22+00:00,3402.565
1877069120,3053,Add Geocaching,FoxFil,2024-05-19 08:25:16+00:00,2024-05-31 16:20:15+00:00,2024-05-31 16:20:15+00:00,11,0,1,1,0,closed,True,8413,2024-05-31 16:20:15+00:00,295.9163888888889
1856319045,3038,Update readme.md,juampignr,2024-05-06 14:36:12+00:00,2024-05-06 16:37:16+00:00,,0,0,1,1,0,closed,False,9025,2024-05-06 16:37:16+00:00,2.017777777777778
2879070494,12052,add Google SRE books,nguyenmphu,2025-10-01 17:34:02+00:00,2025-10-01 19:18:49+00:00,,1,0,1,1,0,closed,False,1281,2025-10-01 19:18:49+00:00,1.746388888888889
2878865167,12051,Remove outdated links in Korean course list,hanjm-github,2025-10-01 16:17:56+00:00,2025-10-01 19:17:24+00:00,2025-10-01 19:17:24+00:00,0,0,1,0,9,closed,True,930,2025-10-01 19:17:24+00:00,2.991111111111111
2878401453,12042,Added assembly course by allison.,M4ximumPizza,2025-10-01 14:06:32+00:00,2025-10-01 18:58:12+00:00,2025-10-01 18:58:12+00:00,0,0,1,1,0,closed,True,1735,2025-10-01 18:58:12+00:00,4.861111111111111
2878362863,12041,"Add comprehensive issue templates for Bug Reports, Feature Requests, and Enhancements",1234-ad,2025-10-01 13:57:45+00:00,2025-10-01 18:55:49+00:00,,1,0,4,274,0,closed,False,1923,2025-10-01 18:55:49+00:00,4.967777777777778
2878328088,12040,Add 'Teach Yourself Computer Science' resource,M4ximumPizza,2025-10-01 13:47:30+00:00,2025-10-01 18:55:21+00:00,,3,0,1,1,0,closed,False,1545,2025-10-01 18:55:21+00:00,5.130833333333333
2878304606,12039,chore(templates): add issue forms and chooser config,kekwlboy12469,2025-10-01 13:40:45+00:00,2025-10-01 18:53:38+00:00,,1,0,4,74,0,closed,False,1682,2025-10-01 18:53:38+00:00,5.214722222222222
2878295677,12038,"Add issue templates for Bug, Feature, and Enhancement (#12018)",skalwaghe-56,2025-10-01 13:38:17+00:00,2025-10-01 18:53:21+00:00,,1,0,3,70,0,closed,False,1352,2025-10-01 18:53:21+00:00,5.251111111111111
2878285345,12037,Chore(podcasts-pl): Refresh free-podcasts-screencasts-pl.md file,centrumek,2025-10-01 13:35:08+00:00,2025-10-01 18:56:53+00:00,2025-10-01 18:56:53+00:00,2,0,1,5,4,closed,True,292,2025-10-01 18:56:53+00:00,5.3625
2878249101,12036,Fix linter summary output,Vidhan0206,2025-10-01 13:26:07+00:00,2025-10-01 18:52:25+00:00,,1,0,1,1,1,closed,False,80,2025-10-01 18:52:25+00:00,5.4383333333333335
2878202387,12035,Removed broken licensing link,M4ximumPizza,2025-10-01 13:13:09+00:00,2025-10-01 18:59:10+00:00,2025-10-01 18:59:10+00:00,0,0,1,0,1,closed,True,227,2025-10-01 18:59:10+00:00,5.766944444444444
2877918749,12033,Add 'Object-Oriented Programming in Python' book,Bharath-dev05,2025-10-01 11:41:32+00:00,2025-10-01 20:01:58+00:00,,2,1,1,1,0,closed,False,1660,2025-10-01 20:01:58+00:00,8.340555555555556
2877647546,12029,feat: Add book Internet Das Coisas Uma Breve...,Engcompaulo,2025-10-01 10:11:33+00:00,2025-10-01 18:38:56+00:00,2025-10-01 18:38:56+00:00,1,0,1,1,0,closed,True,1906,2025-10-01 18:38:56+00:00,8.456388888888888
2877641593,12028,"fix: Fixes overall repo and code issues, render issues and pep8 voilations in python and yaml formatting in workflows",fab-c14,2025-10-01 10:09:50+00:00,2025-10-01 18:37:35+00:00,,1,0,6,152,101,closed,False,1331,2025-10-01 18:37:35+00:00,8.4625
2877522655,12025,Add CS229: Machine Learning course by Andrew Ng to the resources list,RensithUdara,2025-10-01 09:28:26+00:00,2025-10-01 10:36:46+00:00,,2,0,1,1,0,closed,False,1103,2025-10-01 10:36:46+00:00,1.1388888888888888
2877465014,12023,Fix TailwindCSS Index Entry Formatting Issue,monu808,2025-10-01 09:11:53+00:00,2025-10-01 18:28:48+00:00,,0,0,2,45,1,closed,False,1398,2025-10-01 18:28:48+00:00,9.281944444444445
2877199039,12019,Add new operating systems book to the list,aayushborkar14,2025-10-01 07:30:20+00:00,2025-10-01 18:25:00+00:00,,2,0,1,1,0,closed,False,1218,2025-10-01 18:25:00+00:00,10.911111111111111
2877082299,12017,Add 2 courses to the Algorithms & Data Structures section of free-courses-en.md,TheOne04,2025-10-01 06:50:34+00:00,2025-10-01 18:22:53+00:00,,1,0,1,2,0,closed,False,1453,2025-10-01 18:22:53+00:00,11.538611111111111
2877076968,12015,Add new Linux Journey resource,pred07,2025-10-01 06:48:53+00:00,2025-10-01 18:18:21+00:00,,1,0,1,1,0,closed,False,34,2025-10-01 18:18:21+00:00,11.491111111111111
2877075461,12014,Remove broken PHP links,edent,2025-10-01 06:48:13+00:00,2025-10-01 18:23:47+00:00,2025-10-01 18:23:46+00:00,0,0,1,0,3,closed,True,1219,2025-10-01 18:23:46+00:00,11.5925
2877065993,12013,Add new HTML Beginners Guide resource,pred07,2025-10-01 06:44:26+00:00,2025-10-01 18:18:02+00:00,,1,0,1,1,0,closed,False,41,2025-10-01 18:18:02+00:00,11.56
2877046633,12011,Add Linux Command Handbook resource,pred07,2025-10-01 06:36:04+00:00,2025-10-01 18:17:14+00:00,,1,0,1,1,0,closed,False,37,2025-10-01 18:17:14+00:00,11.686111111111112
2877031739,12010,Add C Programming Guide resource,pred07,2025-10-01 06:28:48+00:00,2025-10-01 18:16:44+00:00,,3,0,1,2,1,closed,False,34,2025-10-01 18:16:44+00:00,11.79888888888889
2876974866,12008,Add HTML Tutorial for Beginners resource,pred07,2025-10-01 06:00:31+00:00,2025-10-01 18:13:38+00:00,,8,0,1,2,4,closed,False,42,2025-10-01 18:13:38+00:00,12.21861111111111
2876853140,12003,Add new book to free-programming-books-subjects.md for the index of Computer Science.,Bharath-dev05,2025-10-01 04:56:56+00:00,2025-10-01 18:43:45+00:00,2025-10-01 18:43:44+00:00,1,2,1,1,0,closed,True,2087,2025-10-01 18:43:44+00:00,13.78
2876730264,12002,Fix formatting consistency in podcasts list,seeman0306,2025-10-01 03:34:44+00:00,2025-10-01 18:04:59+00:00,,2,0,1,1,1,closed,False,1148,2025-10-01 18:04:59+00:00,14.504166666666666
2876707775,12001,add Engineering Software as a Service book from Fox and Patterson,SirMonteiro,2025-10-01 03:18:54+00:00,2025-10-01 18:03:42+00:00,2025-10-01 18:03:42+00:00,2,0,1,5,4,closed,True,2260,2025-10-01 18:03:42+00:00,14.746666666666666
2876573912,11999,"Implement UI improvements with custom CSS, local badge images, and en…",motalib-code,2025-10-01 01:56:50+00:00,2025-10-01 18:30:43+00:00,,3,0,16,861,10,closed,False,1370,2025-10-01 18:30:43+00:00,16.564722222222223
2872112212,11990,Update README.md,AndrewSo13,2025-09-29 21:25:42+00:00,2025-09-30 00:09:43+00:00,,1,0,1,1,0,closed,False,1103,2025-09-30 00:09:43+00:00,2.733611111111111
2867272663,11984,Add Ukrainian interactive resources and README link,Ralida,2025-09-28 07:20:57+00:00,2025-09-29 22:56:50+00:00,,0,5,2,9,0,closed,False,434,2025-09-29 22:56:50+00:00,39.598055555555554
2864992502,11982,Update Hacktoberfest badge from 2023 to 2025,Ranjuna120,2025-09-26 17:39:12+00:00,2025-09-26 20:15:11+00:00,2025-09-26 20:15:11+00:00,0,0,1,1,1,closed,True,1103,2025-09-26 20:15:11+00:00,2.5997222222222223
2864521304,11980,Added C Programming: A Modern Approach to C section,DasariAishwarya,2025-09-26 14:58:30+00:00,2025-09-27 15:33:45+00:00,,7,2,1,5,1,closed,False,523,2025-09-27 15:33:45+00:00,24.5875
2859392195,11979,Fix typo in assembly programming,M4ximumPizza,2025-09-25 06:55:06+00:00,2025-09-25 17:49:42+00:00,2025-09-25 17:49:42+00:00,0,0,1,1,1,closed,True,267,2025-09-25 17:49:42+00:00,10.91
2859382693,11978,Remove broken Ada resources from documentation,M4ximumPizza,2025-09-25 06:51:02+00:00,2025-09-25 17:24:29+00:00,,2,0,1,0,6,closed,False,631,2025-09-25 17:24:29+00:00,10.5575
2855337215,11976,Added 4 Books in Linux Section of languages.md,ABDR-Again,2025-09-24 04:17:16+00:00,2025-09-24 12:49:09+00:00,2025-09-24 12:49:09+00:00,0,0,1,4,0,closed,True,1486,2025-09-24 12:49:09+00:00,8.53138888888889
2854554862,11975,Add Azhar to Contributors list,kkyufkrz,2025-09-23 21:09:28+00:00,2025-09-23 22:24:04+00:00,,0,0,1,2,0,closed,False,814,2025-09-23 22:24:04+00:00,1.2433333333333334
2852294828,11972,Added 5 Books By Paul Cobbaut related to Linux,ABDR-Again,2025-09-23 07:42:26+00:00,2025-09-24 02:15:22+00:00,,1,2,2,9,0,closed,False,1410,2025-09-24 02:15:22+00:00,18.54888888888889
2850588285,11969,Added Korean Python book 'Let's Get IT 파이썬 프로그래밍',hanjm-github,2025-09-22 18:22:43+00:00,2025-09-22 19:41:28+00:00,2025-09-22 19:41:28+00:00,0,0,1,1,0,closed,True,1335,2025-09-22 19:41:28+00:00,1.3125
2848283659,11966,Added New Book [LINUX Networking] by (Paul Cobbaut) in {Networking],ABDR-Again,2025-09-22 07:43:41+00:00,2025-09-22 13:07:52+00:00,2025-09-22 13:07:52+00:00,0,0,1,1,0,closed,True,1372,2025-09-22 13:07:52+00:00,5.4030555555555555
2837876011,11961,Added the Metapatterns website,denyspoltorak,2025-09-17 20:24:25+00:00,2025-09-18 20:38:31+00:00,,1,0,1,1,1,closed,False,812,2025-09-18 20:38:31+00:00,24.235
2824381528,11954,Reorganize Algorithms and Data Structures sections in free-courses-hi.md,gpl-gowthamchand,2025-09-13 01:01:30+00:00,2025-09-17 12:57:00+00:00,2025-09-17 12:57:00+00:00,13,1,1,36,35,closed,True,1638,2025-09-17 12:57:00+00:00,107.925
2812858207,11953,Remove Developer Blog Tutorial under JavaScript -> Remix,alvarezekiel19,2025-09-09 18:12:30+00:00,2025-09-10 14:22:32+00:00,2025-09-10 14:22:32+00:00,3,0,1,0,7,closed,True,1254,2025-09-10 14:22:32+00:00,20.16722222222222
2810013206,11950,Remove Unsupported Go Lang & Open Stack E-book and Change Url Path For Scratch Free E-book,yeomin4242,2025-09-09 01:04:23+00:00,2025-09-09 14:25:35+00:00,2025-09-09 14:25:35+00:00,0,0,1,1,9,closed,True,1895,2025-09-09 14:25:35+00:00,13.353333333333333
2806253844,11948,"Remove Node.js Design Patterns (copyrighted, not free)",Aaqilyousuf,2025-09-07 18:45:27+00:00,2025-09-08 12:14:39+00:00,2025-09-08 12:14:39+00:00,0,0,1,0,1,closed,True,334,2025-09-08 12:14:39+00:00,17.486666666666668
2805375367,11947,Add additional details for Clojure books,DavideDunne,2025-09-06 19:08:36+00:00,2025-09-07 17:54:03+00:00,2025-09-07 17:54:03+00:00,0,0,1,3,3,closed,True,1159,2025-09-07 17:54:03+00:00,22.7575
2805045848,11946,Created CONTRIBUTING-ml.md (Malayalam review requested!),Symbian-Bro,2025-09-06 15:23:54+00:00,2025-09-29 22:59:21+00:00,2025-09-29 22:59:21+00:00,5,24,2,378,0,closed,True,860,2025-09-29 22:59:21+00:00,559.5908333333333
2804569305,11944,chore(deps): bump actions/setup-python from 5 to 6,dependabot[bot],2025-09-06 10:01:20+00:00,2025-09-11 12:46:51+00:00,2025-09-11 12:46:51+00:00,1,0,1,1,1,closed,True,12354,2025-09-11 12:46:51+00:00,122.75861111111111
2804569274,11943,chore(deps): bump actions/github-script from 7 to 8,dependabot[bot],2025-09-06 10:01:18+00:00,2025-09-11 12:47:22+00:00,2025-09-11 12:47:22+00:00,1,0,1,1,1,closed,True,11586,2025-09-11 12:47:22+00:00,122.76777777777778
2804569210,11942,chore(deps): bump actions/setup-node from 4 to 5,dependabot[bot],2025-09-06 10:01:13+00:00,2025-09-11 12:43:45+00:00,2025-09-11 12:43:45+00:00,1,0,1,1,1,closed,True,9129,2025-09-11 12:43:45+00:00,122.7088888888889
2804569171,11941,chore(deps): bump actions/stale from 9 to 10,dependabot[bot],2025-09-06 10:01:10+00:00,2025-09-11 12:42:54+00:00,2025-09-11 12:42:54+00:00,1,0,1,1,1,closed,True,16766,2025-09-11 12:42:54+00:00,122.69555555555556
2800897366,11940,Updated Explore Flask link,cobaltx7,2025-09-04 21:31:34+00:00,2025-09-05 00:50:01+00:00,2025-09-05 00:50:01+00:00,0,0,1,1,1,closed,True,1344,2025-09-05 00:50:01+00:00,3.3075
2797015389,11938,docs(CONTRIBUTING): add step-by-step guide for adding license notes,jihanurrahman33,2025-09-03 19:37:56+00:00,2025-09-03 21:33:16+00:00,2025-09-03 21:33:16+00:00,0,0,1,25,0,closed,True,227,2025-09-03 21:33:16+00:00,1.9222222222222223
2787728970,11935,Added new C programming resource,prithi2004,2025-08-31 13:35:40+00:00,2025-08-31 14:59:44+00:00,,1,0,1,3,0,closed,False,860,2025-08-31 14:59:44+00:00,1.4011111111111112
2785785153,11933,rename Coq to Rocq Prover,womeier,2025-08-29 19:34:52+00:00,2025-09-01 09:58:11+00:00,2025-09-01 09:58:11+00:00,3,2,3,20,15,closed,True,1127,2025-09-01 09:58:11+00:00,62.38861111111111
2765935206,11930,fix(books-it): update broken link for 'Analisi e progettazione del so…,Aaqilyousuf,2025-08-22 10:46:33+00:00,2025-08-25 21:06:44+00:00,2025-08-25 21:06:44+00:00,0,0,1,1,1,closed,True,1273,2025-08-25 21:06:44+00:00,82.33638888888889
2764036141,11929,Add Compiler Construction using C# (SLANGFOR.NET) (fixes #11804),Aaqilyousuf,2025-08-21 19:18:43+00:00,2025-08-23 12:50:51+00:00,2025-08-23 12:50:50+00:00,3,0,1,1,0,closed,True,1445,2025-08-23 12:50:50+00:00,41.53527777777778
2751320937,11928,fix team name case inconsistency,eshellman,2025-08-17 14:58:28+00:00,2025-09-07 17:49:04+00:00,2025-09-07 17:49:04+00:00,0,1,1,1,1,closed,True,38,2025-09-07 17:49:04+00:00,506.8433333333333
2750364172,11927,chore(deps): bump actions/checkout from 4 to 5,dependabot[bot],2025-08-16 10:38:51+00:00,2025-09-11 12:46:36+00:00,2025-09-11 12:46:36+00:00,1,0,3,5,5,closed,True,14676,2025-09-11 12:46:36+00:00,626.1291666666667
2747259676,11926,Add Japanese game development resources,SuzukiKatsuma,2025-08-14 20:14:59+00:00,2025-08-17 15:03:15+00:00,2025-08-17 15:03:15+00:00,1,0,1,10,0,closed,True,1528,2025-08-17 15:03:15+00:00,66.80444444444444
2732551836,11925,chore(deps): bump actions/download-artifact from 4 to 5,dependabot[bot],2025-08-09 10:39:09+00:00,2025-08-17 14:18:23+00:00,2025-08-17 14:18:23+00:00,3,0,1,1,1,closed,True,6186,2025-08-17 14:18:23+00:00,195.6538888888889
2719942013,11923,"Add Hindi YouTube Courses: OOP in C++ & Java, and DAA by KnowledgeGATE",tannuiscoding,2025-08-05 05:43:57+00:00,2025-08-05 17:55:00+00:00,2025-08-05 17:55:00+00:00,2,1,1,3,0,closed,True,1913,2025-08-05 17:55:00+00:00,12.184166666666666
2718138824,11922,added Linux Kernel in a Nutshell to free-programming-books-subjects.md,git-user-cpp,2025-08-04 14:12:13+00:00,2025-08-05 17:24:49+00:00,2025-08-05 17:24:49+00:00,1,0,1,1,0,closed,True,1301,2025-08-05 17:24:49+00:00,27.21
2714731743,11921,Update free-programming-books-subjects.md,Margotaro,2025-08-02 05:13:09+00:00,2025-08-02 07:44:24+00:00,2025-08-02 07:44:24+00:00,2,0,1,1,0,closed,True,1307,2025-08-02 07:44:24+00:00,2.5208333333333335
2698269757,11919,Add CC BY‑NC‑SA 4.0 license note to Think Python 2nd Edition — fixes #11355,Hami0095,2025-07-27 13:07:28+00:00,2025-07-28 01:00:45+00:00,,2,0,1,3,1,closed,False,871,2025-07-28 01:00:45+00:00,11.888055555555555
2685124504,11917,Updated Architectural Metapatterns,denyspoltorak,2025-07-22 10:56:36+00:00,2025-07-22 19:36:31+00:00,2025-07-22 19:36:31+00:00,0,0,1,1,1,closed,True,36,2025-07-22 19:36:31+00:00,8.665277777777778
2622376126,11886,"Add Creative Commons in ""Behavior Analysis with Machine Learning Usin…",DavideDunne,2025-06-26 21:22:33+00:00,2025-06-28 02:59:36+00:00,2025-06-28 02:59:36+00:00,0,0,1,1,1,closed,True,615,2025-06-28 02:59:36+00:00,29.6175
2621815008,11885,"Add programming language book ""Behavior Analysis with Machine Learning Using R""",DavideDunne,2025-06-26 17:37:06+00:00,2025-06-26 21:06:00+00:00,2025-06-26 21:06:00+00:00,2,0,1,1,0,closed,True,1178,2025-06-26 21:06:00+00:00,3.4816666666666665
2609558464,11883,Update free-courses-ar.md add  Rust Section Courses,ramadan-x,2025-06-22 07:51:23+00:00,2025-06-22 12:37:56+00:00,2025-06-22 12:37:56+00:00,1,0,1,7,0,closed,True,1083,2025-06-22 12:37:56+00:00,4.775833333333333
2558436224,11880,Added new free Javascript book in Bengali by Jhankar Mahbub,alifa-ara-heya,2025-06-01 17:57:36+00:00,2025-06-01 19:20:36+00:00,2025-06-01 19:20:36+00:00,2,0,1,2,1,closed,True,1401,2025-06-01 19:20:36+00:00,1.3833333333333333
2556589163,11879,chore(deps): bump tj-actions/changed-files from 44 to 46,dependabot[bot],2025-05-31 10:44:59+00:00,2025-06-20 12:58:22+00:00,2025-06-20 12:58:22+00:00,2,0,2,2,2,closed,True,16907,2025-06-20 12:58:22+00:00,482.22305555555556
2524956468,11877,Add RTL/LTR Markdown linter for mixed-direction text consistency and PR annotation,gabriele-ciccotelli,2025-05-16 16:51:03+00:00,2025-05-28 14:46:25+00:00,2025-05-28 14:46:25+00:00,14,1,14,1425,465,closed,True,4367,2025-05-28 14:46:25+00:00,285.92277777777775
2505354730,11875,"Added Ukrainian resources (variant 11, student from DUIKT)",mihail34563666,2025-05-07 20:00:10+00:00,2025-06-26 21:12:46+00:00,,1,0,2,27,0,closed,False,165,2025-06-26 21:12:46+00:00,1201.21
2485212358,11874,Add 2 Vietnamese courses by Nam .NET,daohainam,2025-04-28 09:01:07+00:00,2025-05-02 22:47:56+00:00,2025-05-02 22:47:56+00:00,12,2,1,2,0,closed,True,1932,2025-05-02 22:47:56+00:00,109.78027777777778
2484959557,11873,Removed Coding With Minecraft by Al Sweigart: Error 404,M4ximumPizza,2025-04-28 07:14:49+00:00,2025-04-28 12:57:51+00:00,2025-04-28 12:57:51+00:00,0,0,1,0,1,closed,True,483,2025-04-28 12:57:51+00:00,5.717222222222222
2484943475,11872,Removed Zen of Assembly Language by Michael Abrash because it no longer works.,M4ximumPizza,2025-04-28 07:07:40+00:00,2025-04-28 12:56:43+00:00,2025-04-28 12:56:43+00:00,0,0,1,0,1,closed,True,545,2025-04-28 12:56:43+00:00,5.8175
2474141991,11870,Add license info (CC BY) to Aprende Python,Enemuo1,2025-04-22 17:18:33+00:00,2025-04-23 13:00:37+00:00,2025-04-23 13:00:37+00:00,2,0,1,1,1,closed,True,2299,2025-04-23 13:00:37+00:00,19.70111111111111
2470439303,11869,Remove single videos shorter than 1 hour from the list of free courses in Vietnamese,tmsanghoclaptrinh,2025-04-21 03:48:12+00:00,2025-04-21 12:48:16+00:00,2025-04-21 12:48:15+00:00,0,0,1,0,4,closed,True,966,2025-04-21 12:48:15+00:00,9.000833333333333
2470102225,11868,add actions write permission to stale workflow,Thenlie,2025-04-20 15:21:29+00:00,2025-04-20 18:30:48+00:00,2025-04-20 18:30:48+00:00,0,0,1,1,0,closed,True,1196,2025-04-20 18:30:48+00:00,3.1552777777777776
2469731245,11866,Add a large number of free courses in Vietnamese,tmsanghoclaptrinh,2025-04-19 18:55:12+00:00,2025-04-20 12:37:40+00:00,2025-04-20 12:37:40+00:00,6,0,1,333,2,closed,True,3645,2025-04-20 12:37:40+00:00,17.70777777777778
2467033007,11865,Fix stale workflow,Thenlie,2025-04-17 22:15:59+00:00,2025-04-18 20:14:47+00:00,2025-04-18 20:14:47+00:00,1,1,2,48,1,closed,True,1258,2025-04-18 20:14:47+00:00,21.98
2456436282,11864,Add Emacs Lisp Elements book,DavideDunne,2025-04-14 02:19:33+00:00,2025-04-14 14:41:05+00:00,2025-04-14 14:41:05+00:00,2,0,1,1,0,closed,True,1394,2025-04-14 14:41:05+00:00,12.358888888888888
2456299461,11863,Removed Computer Networks by J.Vinoth kumar due to page not found.,M4ximumPizza,2025-04-13 22:49:20+00:00,2025-04-14 14:39:13+00:00,2025-04-14 14:39:13+00:00,0,0,1,0,1,closed,True,644,2025-04-14 14:39:13+00:00,15.831388888888888
2455358798,11862,chore(deps): bump tj-actions/changed-files from 46.0.4 to 46.0.5,dependabot[bot],2025-04-12 10:28:03+00:00,2025-04-18 22:55:00+00:00,2025-04-18 22:55:00+00:00,1,0,1,1,1,closed,True,10668,2025-04-18 22:55:00+00:00,156.44916666666666
2446833202,11860,Addition of Node.js Design Patterns,GeeekySouro003,2025-04-08 19:59:37+00:00,2025-04-10 03:49:23+00:00,,2,1,2,3,2,closed,False,2122,2025-04-10 03:49:23+00:00,31.829444444444444
2444261558,11859,Added Node.js Design Patterns Book,GeeekySouro003,2025-04-07 20:21:22+00:00,2025-04-07 23:47:42+00:00,,2,0,1,2,2,closed,False,961,2025-04-07 23:47:42+00:00,3.438888888888889
2441079454,11858,chore(deps): bump tj-actions/changed-files from 46.0.3 to 46.0.4,dependabot[bot],2025-04-05 10:43:27+00:00,2025-04-06 20:38:05+00:00,2025-04-06 20:38:05+00:00,1,0,1,1,1,closed,True,5568,2025-04-06 20:38:05+00:00,33.910555555555554
2426870282,11856,chore(deps): bump tj-actions/changed-files from 46.0.1 to 46.0.3,dependabot[bot],2025-03-29 11:40:19+00:00,2025-03-30 20:34:14+00:00,2025-03-30 20:34:14+00:00,1,0,1,1,1,closed,True,15278,2025-03-30 20:34:14+00:00,32.89861111111111
2421686201,11854,Add Modern Javascript Tutorial Book (Korean),Turtle-Hwan,2025-03-27 08:44:45+00:00,2025-03-27 13:04:02+00:00,2025-03-27 13:04:02+00:00,5,0,1,1,0,closed,True,1070,2025-03-27 13:04:02+00:00,4.3213888888888885
2411215677,11853,chore(deps): bump tj-actions/changed-files from 45.0.5 to 46.0.1,dependabot[bot],2025-03-22 11:39:25+00:00,2025-03-24 21:42:56+00:00,2025-03-24 21:42:56+00:00,1,0,1,1,1,closed,True,15857,2025-03-24 21:42:56+00:00,58.05861111111111
2396144874,11850,Update free-courses-vi.md,OranciucIvan,2025-03-16 13:46:52+00:00,2025-07-20 00:20:55+00:00,,5,1,1,21,26,closed,False,195,2025-07-20 00:20:55+00:00,3010.5675
2387033413,11846,Create Programming_and_Tech_Books_in_Arabic.md,Shadowrithik,2025-03-12 05:18:35+00:00,2025-03-12 23:48:02+00:00,,3,0,1,107,0,closed,False,860,2025-03-12 23:48:02+00:00,18.490833333333335
2383943507,11845,pushed a file to forked repo,pratikragrawal,2025-03-11 05:35:40+00:00,2025-03-12 04:08:34+00:00,,0,0,1,1,0,closed,False,0,2025-03-12 04:08:34+00:00,22.548333333333332
2380436090,11842,Update free-programming-books-az.md,OranciucIvan,2025-03-09 01:09:08+00:00,2025-03-09 19:43:15+00:00,2025-03-09 19:43:15+00:00,1,0,1,6,15,closed,True,196,2025-03-09 19:43:15+00:00,18.56861111111111
2380155944,11841,"Add ""Science, Programming, Art and Radioelectronics Club"" (SPARC) book",artyom-poptsov,2025-03-08 11:47:24+00:00,2025-03-08 20:10:55+00:00,2025-03-08 20:10:55+00:00,1,2,2,7,0,closed,True,1546,2025-03-08 20:10:55+00:00,8.391944444444444
2376788895,11840,Added new HTML and CSS Course ,Apexq,2025-03-06 16:51:28+00:00,2025-03-06 21:28:02+00:00,2025-03-06 21:28:02+00:00,1,2,1,1,0,closed,True,1003,2025-03-06 21:28:02+00:00,4.609444444444445
2373896071,11839,Issue: #11838 Spring Boot - Unavailable URL,migliusss,2025-03-05 15:50:06+00:00,2025-03-05 20:43:09+00:00,2025-03-05 20:43:09+00:00,1,0,1,1,1,closed,True,1133,2025-03-05 20:43:09+00:00,4.884166666666666
2332603793,11832,[Add] TypeScript Baby By Lwin Moe Paing in books/free-programming-books-my.md,LinThitHtwe,2025-02-13 00:59:51+00:00,2025-02-14 02:09:41+00:00,2025-02-14 02:09:41+00:00,0,5,1,6,0,closed,True,1311,2025-02-14 02:09:41+00:00,25.163888888888888
2323811566,11829,chore(deps): bump tj-actions/changed-files from 45.0.5 to 45.0.7,dependabot[bot],2025-02-08 11:37:28+00:00,2025-03-22 11:39:29+00:00,,2,0,1,1,1,closed,False,25228,2025-03-22 11:39:29+00:00,1008.0336111111111
2317973464,11826,Arrange editions of Eloquent JavaScript book,nilaysarma,2025-02-05 15:56:54+00:00,2025-02-05 18:17:12+00:00,2025-02-05 18:17:12+00:00,3,0,1,1,1,closed,True,721,2025-02-05 18:17:12+00:00,2.3383333333333334
2314107335,11825,Add Zig Programming Language,nilaysarma,2025-02-04 03:38:01+00:00,2025-02-04 14:22:39+00:00,2025-02-04 14:22:39+00:00,1,0,1,7,0,closed,True,862,2025-02-04 14:22:39+00:00,10.74388888888889
2314087856,11824,Add Data Science from Scratch by Joel Grus,nilaysarma,2025-02-04 03:15:04+00:00,2025-02-04 14:20:49+00:00,,2,0,1,1,0,closed,False,1064,2025-02-04 14:20:49+00:00,11.095833333333333
2310342336,11823,"Add ""Python para Matemáticos"" book",Samuel-de-Oliveira,2025-02-01 02:05:13+00:00,2025-02-02 21:26:55+00:00,2025-02-02 21:26:55+00:00,0,4,1,1,0,closed,True,1153,2025-02-02 21:26:55+00:00,43.361666666666665
2298203633,11821,Added licenses with proper format and sources,Antrikshgwal,2025-01-25 16:02:58+00:00,2025-05-19 12:44:03+00:00,,3,0,1,4,4,closed,False,1333,2025-05-19 12:44:03+00:00,2732.6847222222223
2293792644,11819,Fix grammatical issue: Capitalize sentence beginnings in Section 4,shaymolcho,2025-01-23 07:18:58+00:00,2025-01-23 14:10:46+00:00,,1,0,1,2,2,closed,False,1131,2025-01-23 14:10:46+00:00,6.863333333333333
2275127155,11817,added NLP w transformers for AI/ML interviews,mubashir1osmani,2025-01-13 20:47:16+00:00,2025-01-14 02:43:44+00:00,,3,0,1,1,0,closed,False,1021,2025-01-14 02:43:44+00:00,5.941111111111111
2272603458,11816,Add Free Persian Python and PHP Resources,rajaeinet,2025-01-12 16:49:09+00:00,2025-01-12 22:28:31+00:00,2025-01-12 22:28:31+00:00,1,0,1,2,0,closed,True,1247,2025-01-12 22:28:31+00:00,5.6561111111111115
2271945637,11815,chore(deps): bump eps1lon/actions-label-merge-conflict from 3.0.2 to 3.0.3,dependabot[bot],2025-01-11 11:41:33+00:00,2025-03-24 21:43:16+00:00,2025-03-24 21:43:15+00:00,0,0,1,1,1,closed,True,5269,2025-03-24 21:43:15+00:00,1738.0283333333334
2271945612,11814,chore(deps): bump tj-actions/changed-files from 45.0.5 to 45.0.6,dependabot[bot],2025-01-11 11:41:31+00:00,2025-02-08 11:37:33+00:00,,1,0,1,1,1,closed,False,13111,2025-02-08 11:37:33+00:00,671.9338888888889
2271597378,11813,"""Add 'Angular Animations Tutorial' YouTube playlist by Brian Treese t…",D4t3ck,2025-01-10 23:12:28+00:00,2025-07-20 00:20:57+00:00,,2,1,1,1,0,closed,False,1358,2025-07-20 00:20:57+00:00,4561.141388888889
2260978246,11812,Create jekyll-docker.yml,YOoOsR,2025-01-06 01:09:44+00:00,2025-01-06 13:32:07+00:00,,3,0,1,20,0,closed,False,860,2025-01-06 13:32:07+00:00,12.373055555555556
2258228415,11811,Update Python Programming MOOC course,wesenbergg,2025-01-02 18:00:40+00:00,2025-01-03 18:27:26+00:00,2025-01-03 18:27:26+00:00,0,0,1,1,1,closed,True,946,2025-01-03 18:27:26+00:00,24.44611111111111
2258213898,11810,Update list of free finnish programming courses,wesenbergg,2025-01-02 17:47:11+00:00,2025-01-03 18:26:44+00:00,2025-01-03 18:26:44+00:00,2,0,1,3,1,closed,True,1096,2025-01-03 18:26:44+00:00,24.659166666666668
2257740989,11809,New Courses Added In marathi section,AtharvaDomale,2025-01-02 11:30:31+00:00,2025-05-22 00:17:11+00:00,,6,0,1,29,1,closed,False,0,2025-05-22 00:17:11+00:00,3348.777777777778
2257519791,11808,linter solved,mamun-ethan,2025-01-02 08:21:09+00:00,2025-03-24 21:43:37+00:00,,2,0,1,222,255,closed,False,860,2025-03-24 21:43:37+00:00,1957.3744444444444
2256715253,11806,chaning in class.MD,imtiaz782,2024-12-31 21:09:24+00:00,2025-01-01 00:28:55+00:00,,2,0,1,239,0,closed,False,860,2025-01-01 00:28:55+00:00,3.325277777777778
2256165546,11805,added basic to advance css-3 course in bangla,mamun-ethan,2024-12-31 07:19:56+00:00,2025-06-26 00:17:50+00:00,,5,0,1,222,255,closed,False,860,2025-06-26 00:17:50+00:00,4240.965
2255298586,11802,Update free-courses-ar.md,diaaatya,2024-12-30 11:21:39+00:00,2025-06-26 00:17:51+00:00,,4,1,1,1,0,closed,False,860,2025-06-26 00:17:51+00:00,4260.9366666666665
2249889622,11800,Added Architectural Metapatterns,denyspoltorak,2024-12-23 17:35:20+00:00,2024-12-24 20:21:26+00:00,2024-12-24 20:21:26+00:00,3,0,1,1,0,closed,True,1179,2024-12-24 20:21:26+00:00,26.768333333333334
2249189988,11799,Update free-courses-ar.md,diaaatya,2024-12-23 09:57:59+00:00,2025-05-22 00:17:13+00:00,,7,0,1,9,6,closed,False,1012,2025-05-22 00:17:13+00:00,3590.3205555555555
2246696826,11798,Added a javascript course in pl.md,Ajay-singh1,2024-12-20 13:18:55+00:00,2024-12-20 19:48:53+00:00,2024-12-20 19:48:53+00:00,1,0,1,1,0,closed,True,822,2024-12-20 19:48:53+00:00,6.499444444444444
2246676176,11797,Added a Three.js Course,Ajay-singh1,2024-12-20 13:07:16+00:00,2024-12-20 19:47:59+00:00,2024-12-20 19:47:59+00:00,0,0,1,1,0,closed,True,830,2024-12-20 19:47:59+00:00,6.6786111111111115
2246643748,11796,Removed React.js Course from React Native,Ajay-singh1,2024-12-20 12:45:29+00:00,2024-12-20 19:46:08+00:00,2024-12-20 19:46:08+00:00,0,0,1,0,1,closed,True,961,2024-12-20 19:46:08+00:00,7.010833333333333
2246628384,11795,Update free-programming-books-bn.md,Ajay-singh1,2024-12-20 12:35:10+00:00,2024-12-21 23:29:02+00:00,2024-12-21 23:29:02+00:00,0,1,1,1,0,closed,True,877,2024-12-21 23:29:02+00:00,34.897777777777776
2245750419,11794,Update check-urls.yml,Pterjudin,2024-12-20 00:43:58+00:00,2024-12-20 12:58:28+00:00,,0,2,1,34,57,closed,False,2052,2024-12-20 12:58:28+00:00,12.241666666666667
2238489035,11788,feat: testing book to added to ```books/free-programming-books-subjects.md```,You-Gao,2024-12-16 23:56:10+00:00,2024-12-17 02:06:34+00:00,2024-12-17 02:06:34+00:00,2,1,1,1,0,closed,True,1424,2024-12-17 02:06:34+00:00,2.1733333333333333
2238465757,11787,feat: theoretical cs book added to ```books/free-programming-books-subjects.md```,You-Gao,2024-12-16 23:34:02+00:00,2024-12-17 01:40:33+00:00,2024-12-17 01:40:33+00:00,1,0,1,1,0,closed,True,1962,2024-12-17 01:40:33+00:00,2.108611111111111
2235051647,11786,chore(deps): bump tj-actions/changed-files from 45.0.4 to 45.0.5,dependabot[bot],2024-12-14 11:04:53+00:00,2024-12-17 17:26:49+00:00,2024-12-17 17:26:49+00:00,0,0,1,1,1,closed,True,16835,2024-12-17 17:26:49+00:00,78.36555555555556
2221807001,11781,Added Playground for different languages,Ajay-singh1,2024-12-08 07:59:22+00:00,2024-12-21 23:30:22+00:00,2024-12-21 23:30:22+00:00,19,18,1,10,2,closed,True,887,2024-12-21 23:30:22+00:00,327.51666666666665
2217046296,11780,Added a python course,Ajay-singh1,2024-12-05 08:25:57+00:00,2024-12-06 15:02:18+00:00,2024-12-06 15:02:18+00:00,0,0,1,1,0,closed,True,844,2024-12-06 15:02:18+00:00,30.605833333333333
2209216399,11779,Add Succeed In Software Book,SeanCannon,2024-12-02 00:12:14+00:00,2024-12-02 17:20:46+00:00,2024-12-02 17:20:46+00:00,1,1,1,1,0,closed,True,1385,2024-12-02 17:20:46+00:00,17.142222222222223
2208825116,11778,Adds Learn Functional Programming book,goranjovic,2024-12-01 09:43:11+00:00,2024-12-01 15:22:29+00:00,2024-12-01 15:22:29+00:00,3,0,1,1,0,closed,True,1085,2024-12-01 15:22:29+00:00,5.655
2208744408,11777,Update free-programming-books-langs.md,Teju-24,2024-12-01 06:01:33+00:00,2024-12-01 15:20:07+00:00,2024-12-01 15:20:07+00:00,1,0,1,3,3,closed,True,1439,2024-12-01 15:20:07+00:00,9.309444444444445
2205575813,11774,added react-router to cheatsheets,uncleejay,2024-11-28 11:52:45+00:00,2024-12-01 18:38:26+00:00,2024-12-01 18:38:25+00:00,2,1,1,1,0,closed,True,860,2024-12-01 18:38:25+00:00,78.7611111111111
2183399493,11760,Skip check-urls if file is not .yml or .md,Thenlie,2024-11-16 23:04:29+00:00,2024-11-19 21:22:43+00:00,2024-11-19 21:22:43+00:00,1,0,1,4,0,closed,True,875,2024-11-19 21:22:43+00:00,70.30388888888889
2174136079,11759,Added Evidence Based Software Engineering Book,Ajay-singh1,2024-11-12 06:26:49+00:00,2024-11-13 02:15:23+00:00,2024-11-13 02:15:23+00:00,0,1,1,1,0,closed,True,953,2024-11-13 02:15:23+00:00,19.809444444444445
2170886493,11756,chore(deps): bump tj-actions/changed-files from 45.0.3 to 45.0.4,dependabot[bot],2024-11-09 11:15:00+00:00,2024-11-09 23:36:28+00:00,2024-11-09 23:36:28+00:00,0,0,1,1,1,closed,True,19009,2024-11-09 23:36:28+00:00,12.357777777777779
2170546502,11755,Add AI Safety for Fleshy Humans,opticaldrive,2024-11-08 22:05:28+00:00,2024-11-10 01:18:01+00:00,2024-11-10 01:18:01+00:00,0,2,1,1,0,closed,True,1403,2024-11-10 01:18:01+00:00,27.20916666666667
2170179555,11754,Fix actions/download-artifact v4,Thenlie,2024-11-08 17:46:31+00:00,2024-11-08 19:24:37+00:00,2024-11-08 19:24:36+00:00,0,0,1,17,5,closed,True,1822,2024-11-08 19:24:36+00:00,1.6347222222222222
2169253538,11752,"Added ""Nest.js Crash Course Tutorial on Youtube By Net Ninja With Marius Espejo""",godwintrav,2024-11-08 10:01:36+00:00,2024-11-08 14:17:47+00:00,2024-11-08 14:17:47+00:00,1,0,1,1,0,closed,True,1229,2024-11-08 14:17:47+00:00,4.269722222222223
2168506531,11751,[WIP - No Review] Upgrade download-artifact action to v4,Thenlie,2024-11-08 00:16:55+00:00,2024-11-08 17:40:09+00:00,,19,0,1,17,5,closed,False,982,2024-11-08 17:40:09+00:00,17.38722222222222
2165961224,11750,Add How to Think Like a Computer Scientist Learning with Python 3 (Ao…,opticaldrive,2024-11-06 19:47:48+00:00,2024-11-07 18:48:16+00:00,2024-11-07 18:48:16+00:00,4,3,1,1,0,closed,True,1387,2024-11-07 18:48:16+00:00,23.00777777777778
2164394177,11748,Added License,Ajay-singh1,2024-11-06 05:35:16+00:00,2024-11-07 02:30:25+00:00,2024-11-07 02:30:25+00:00,1,2,1,1,1,closed,True,810,2024-11-07 02:30:25+00:00,20.919166666666666
2164364413,11747,Corrected the author of the course,Ajay-singh1,2024-11-06 05:04:52+00:00,2024-11-06 13:37:29+00:00,2024-11-06 13:37:29+00:00,0,0,1,1,1,closed,True,810,2024-11-06 13:37:29+00:00,8.543611111111112
2819854341,4761,Add Joke API to Programming category,apheksha,2025-09-11 16:28:29+00:00,2025-09-25 10:20:04+00:00,,0,0,1,1,0,closed,False,1117,2025-09-25 10:20:04+00:00,329.8597222222222
2790520591,4741,feat: Add Groq API,LikhithAvinash,2025-09-01 18:18:46+00:00,2025-09-03 09:02:20+00:00,,0,0,1,1,0,closed,False,902,2025-09-03 09:02:20+00:00,38.72611111111111
2786799950,4731,Update README.md,fabiolauria92,2025-08-30 13:31:52+00:00,2025-09-12 12:47:16+00:00,,0,0,1,1,0,closed,False,939,2025-09-12 12:47:16+00:00,311.25666666666666
2766417825,4673,Add Istanbul Metro API to Transportation,Pancakey8,2025-08-22 13:58:49+00:00,2025-08-23 07:10:15+00:00,,1,0,1,1,0,closed,False,902,2025-08-23 07:10:15+00:00,17.190555555555555
2717035960,4479,Flask api,Adw-eeyaa,2025-08-04 07:42:48+00:00,2025-09-23 16:18:04+00:00,,0,1,1,1,1,closed,False,902,2025-09-23 16:18:04+00:00,1208.5877777777778
2677221451,4449,Fix: Broken Aviationstack link in README,rabumaabraham,2025-07-18 13:15:42+00:00,2025-09-09 16:31:20+00:00,,1,0,1,1694,1593,closed,False,910,2025-09-09 16:31:20+00:00,1275.2605555555556
2662145558,4440,Added Cat Facts API under Animals category,DevvSaxena17,2025-07-13 09:53:40+00:00,2025-07-24 03:38:24+00:00,,0,0,1,2,2,closed,False,902,2025-07-24 03:38:24+00:00,257.74555555555554
2658614750,4437,Add StockAlert.pro API to Finance Category,alexander-schneider,2025-07-11 10:05:28+00:00,2025-07-15 05:56:30+00:00,,0,0,1,1,0,closed,False,1958,2025-07-15 05:56:30+00:00,91.85055555555556
2652996083,4436,Add WordDrip API to Development section,sumaiyahibrahim,2025-07-09 13:51:41+00:00,2025-07-10 18:33:46+00:00,,0,0,1,1,0,closed,False,790,2025-07-10 18:33:46+00:00,28.70138888888889
2624509340,4396,I added my name in licence file,Ranjankrs,2025-06-27 14:02:49+00:00,2025-06-28 17:22:22+00:00,,0,0,1,1,0,closed,False,31,2025-06-28 17:22:22+00:00,27.325833333333332
2599946969,4385,Add new API: GitHub Gists,ehgbl,2025-06-17 21:13:24+00:00,2025-06-29 20:13:25+00:00,,0,1,1,2,1,closed,False,902,2025-06-29 20:13:25+00:00,287.0002777777778
2560623170,4364,Add test for error_message with ten thousand line number,Code-Shaks,2025-06-02 13:15:16+00:00,2025-06-03 13:33:32+00:00,,0,0,1,5,0,closed,False,902,2025-06-03 13:33:32+00:00,24.304444444444446
2547977969,4354,Add CORS requirement note for DomainsDB API,gqwtb,2025-05-28 00:28:02+00:00,2025-07-11 05:08:19+00:00,,0,0,1,2,2,closed,False,340,2025-07-11 05:08:19+00:00,1060.671388888889
2542371632,4351,Add 60s API to News,dogxii,2025-05-25 11:24:48+00:00,2025-07-27 07:38:01+00:00,,0,0,1,1,0,closed,False,902,2025-07-27 07:38:01+00:00,1508.2202777777777
2531003798,4336,docs: demo cherry-pick readme update,kapihllkumar,2025-05-20 09:49:20+00:00,2025-06-10 08:21:32+00:00,,0,0,1,2,0,closed,False,64,2025-06-10 08:21:32+00:00,502.5366666666667
2527782619,4332,Update README.md,miguelsantareno,2025-05-19 07:09:44+00:00,2025-07-21 08:12:59+00:00,,0,0,1,1,0,closed,False,902,2025-07-21 08:12:59+00:00,1513.0541666666666
2516115193,4281,Add AutoML API to Machine Learning,zpzzz618,2025-05-13 10:11:19+00:00,2025-05-15 05:54:58+00:00,,0,0,1,1,0,closed,False,940,2025-05-15 05:54:58+00:00,43.7275
2497215869,4267,Adding Cache.horse to the directory,mtimofiiv,2025-05-04 09:14:04+00:00,2025-05-05 04:40:22+00:00,,0,0,1,1,0,closed,False,902,2025-05-05 04:40:22+00:00,19.438333333333333
2486630352,4256,Add openai api,Arash-Khajavi,2025-04-28 18:39:49+00:00,2025-04-28 21:36:45+00:00,,1,0,1,114,1,closed,False,902,2025-04-28 21:36:45+00:00,2.948888888888889
